site,date,detector,role,configured,n_act,n_short,n_censored,max_on_s,open_on_s,min_off_gap_s
201,2026-03-18,1,unconfigured,False,1,0,0,169.5,,
201,2026-03-18,2,unconfigured,False,1,0,0,169.5,,
201,2026-03-18,3,unconfigured,False,1,0,0,169.5,,
201,2026-03-18,4,unconfigured,False,1,0,0,169.5,,
201,2026-03-18,5,unconfigured,False,1,0,0,169.5,,
201,2026-03-18,6,unconfigured,False,1,0,0,169.5,,
201,2026-03-18,7,unconfigured,False,1,0,0,169.5,,
201,2026-03-18,8,unconfigured,False,1,1,0,0.09999990463256836,,
201,2026-03-18,9,unconfigured,False,178,5,0,59.5,,0.19999980926513672
201,2026-03-18,10,unconfigured,False,1,1,0,0.09999990463256836,,
201,2026-03-18,11,unconfigured,False,237,2,0,55.40000009536743,,0.10000014305114746
201,2026-03-18,12,unconfigured,False,8,2,0,2.0,,7.200000047683716
201,2026-03-18,13,unconfigured,False,236,3,0,55.5,,0.09999990463256836
201,2026-03-18,14,unconfigured,False,1,0,0,169.5,,
201,2026-03-18,15,unconfigured,False,1,0,0,169.5,,
201,2026-03-18,16,unconfigured,False,2,0,0,169.5,,86261.40000009537
201,2026-03-18,17,pairs,True,2202,18,0,55.299999952316284,,0.09999990463256836
201,2026-03-18,18,unconfigured,False,1,0,0,140.70000004768372,,
201,2026-03-18,21,unconfigured,False,1,0,0,140.70000004768372,,
201,2026-03-18,22,pairs,True,89,4,0,61.59999990463257,,0.20000004768371582
201,2026-03-18,23,unconfigured,False,1,1,0,0.10000014305114746,,
201,2026-03-18,24,pairs,True,737,9,0,79.0,,0.09999990463256836
201,2026-03-18,25,unconfigured,False,1,0,0,140.70000004768372,,
201,2026-03-18,26,pairs,True,1527,2,0,53.700000047683716,,0.09999990463256836
201,2026-03-18,27,unconfigured,False,1,1,0,0.10000014305114746,,
201,2026-03-18,28,unconfigured,False,1,0,0,140.70000004768372,,
201,2026-03-18,29,unconfigured,False,1,0,0,140.70000004768372,,
201,2026-03-18,30,unconfigured,False,1,0,0,140.70000004768372,,
201,2026-03-18,31,pairs,True,250,4,0,33.700000047683716,,0.09999990463256836
201,2026-03-18,32,unconfigured,False,2,0,0,150.70000004768372,,86247.09999990463
201,2026-03-18,33,occupancy+pairs,True,1550,66,0,47.700000047683716,,0.09999990463256836
201,2026-03-18,34,unconfigured,False,1762,6,0,9.399999856948853,,0.09999990463256836
201,2026-03-18,35,unconfigured,False,882,198,0,3.9000000953674316,,0.09999990463256836
201,2026-03-18,36,arrival,True,26,10,0,0.5,,0.09999990463256836
201,2026-03-18,38,occupancy+pairs,True,708,0,0,67.10000014305115,,0.09999990463256836
201,2026-03-18,39,occupancy+pairs,True,118,1,0,66.70000004768372,,0.10000014305114746
201,2026-03-18,40,stop_bar+tm,True,949,16,0,305.2000000476837,,0.19999980926513672
201,2026-03-18,41,stop_bar+tm,True,0,0,0,,,
201,2026-03-18,42,pairs+tm,True,72,4,0,539.6000001430511,,0.10000014305114746
201,2026-03-18,43,stop_bar+tm,True,1684,382,0,44.5,,0.09999990463256836
201,2026-03-18,45,tm,True,42,7,0,1.8999998569488525,,1.5
201,2026-03-18,46,occupancy+pairs,True,2426,3,0,51.799999952316284,,0.09999990463256836
201,2026-03-18,47,unconfigured,False,2664,16,0,6.900000095367432,,0.09999990463256836
201,2026-03-18,48,unconfigured,False,2473,77,0,5.299999952316284,,0.09999990463256836
201,2026-03-18,49,arrival,True,982,129,0,2.299999952316284,,0.09999990463256836
201,2026-03-18,51,occupancy,True,295,11,0,707.7000000476837,,0.09999990463256836
201,2026-03-18,52,unconfigured,False,306,8,0,1329.5999999046326,,0.09999990463256836
201,2026-03-18,53,occupancy,True,125,4,0,62.90000009536743,,0.09999990463256836
201,2026-03-18,55,unconfigured,False,308,10,0,495.40000009536743,,0.09999990463256836
201,2026-03-18,56,watchdog,True,0,0,0,,,
201,2026-03-18,57,watchdog,True,0,0,0,,,
201,2026-03-18,58,watchdog,True,0,0,0,,,
201,2026-03-18,60,stop_bar+tm,True,2672,357,0,38.5,,0.09999990463256836
201,2026-03-18,61,tm,True,609,142,0,254.09999990463257,,0.09999990463256836
201,2026-03-18,63,stop_bar+tm,True,390,37,0,51.200000047683716,,0.09999990463256836
201,2026-03-18,64,stop_bar,True,225,3,0,1.1000001430511475,,0.09999990463256836
201,2026-03-19,1,unconfigured,False,2,0,0,73.70000004768372,,6796.299999952316
201,2026-03-19,2,unconfigured,False,2,0,0,73.70000004768372,,6796.299999952316
201,2026-03-19,3,unconfigured,False,2,0,0,73.70000004768372,,6796.299999952316
201,2026-03-19,4,unconfigured,False,2,0,0,73.70000004768372,,6796.299999952316
201,2026-03-19,5,unconfigured,False,2,0,0,73.70000004768372,,6796.299999952316
201,2026-03-19,6,unconfigured,False,2,0,0,73.70000004768372,,6796.299999952316
201,2026-03-19,7,unconfigured,False,2,0,0,73.70000004768372,,6796.299999952316
201,2026-03-19,8,unconfigured,False,2,2,0,0.10000014305114746,,6965.700000047684
201,2026-03-19,9,unconfigured,False,189,6,0,54.700000047683716,,0.09999990463256836
201,2026-03-19,10,unconfigured,False,2,2,0,0.10000014305114746,,6965.700000047684
201,2026-03-19,11,unconfigured,False,283,4,0,112.29999995231628,,0.20000004768371582
201,2026-03-19,12,unconfigured,False,12,4,0,2.0,,0.20000004768371582
201,2026-03-19,13,unconfigured,False,291,3,0,51.90000009536743,,0.09999990463256836
201,2026-03-19,14,unconfigured,False,2,0,0,73.70000004768372,,6796.299999952316
201,2026-03-19,15,unconfigured,False,2,0,0,73.70000004768372,,6796.299999952316
201,2026-03-19,16,unconfigured,False,4,0,0,74.09999990463257,,0.09999990463256836
201,2026-03-19,17,pairs,True,2431,10,0,64.5,,0.09999990463256836
201,2026-03-19,18,unconfigured,False,2,0,0,73.90000009536743,,6828.200000047684
201,2026-03-19,21,unconfigured,False,2,0,0,73.90000009536743,,6828.200000047684
201,2026-03-19,22,pairs,True,127,9,0,49.60000014305115,,0.09999990463256836
201,2026-03-19,23,unconfigured,False,2,2,0,0.10000014305114746,,6968.799999952316
201,2026-03-19,24,pairs,True,702,13,0,94.20000004768372,,0.09999990463256836
201,2026-03-19,25,unconfigured,False,2,0,0,73.90000009536743,,6828.200000047684
201,2026-03-19,26,pairs,True,1550,4,0,57.5,,0.09999990463256836
201,2026-03-19,27,unconfigured,False,2,2,0,0.10000014305114746,,6968.799999952316
201,2026-03-19,28,unconfigured,False,2,0,0,73.90000009536743,,6828.200000047684
201,2026-03-19,29,unconfigured,False,2,0,0,73.90000009536743,,6828.200000047684
201,2026-03-19,30,unconfigured,False,2,0,0,73.90000009536743,,6828.200000047684
201,2026-03-19,31,pairs,True,290,6,0,27.09999990463257,,0.09999990463256836
201,2026-03-19,32,unconfigured,False,3,0,0,74.29999995231628,,0.40000009536743164
201,2026-03-19,33,occupancy+pairs,True,1634,69,0,49.90000009536743,,0.09999990463256836
201,2026-03-19,34,unconfigured,False,1838,4,0,8.5,,0.09999990463256836
201,2026-03-19,35,unconfigured,False,950,215,0,1.7000000476837158,,0.09999990463256836
201,2026-03-19,36,arrival,True,22,8,0,0.5999999046325684,,0.2999999523162842
201,2026-03-19,38,occupancy+pairs,True,679,1,0,83.29999995231628,,0.09999990463256836
201,2026-03-19,39,occupancy+pairs,True,141,1,0,79.0,,0.09999990463256836
201,2026-03-19,40,stop_bar+tm,True,935,16,0,80.20000004768372,,0.09999990463256836
201,2026-03-19,41,stop_bar+tm,True,0,0,0,,,
201,2026-03-19,42,pairs+tm,True,108,6,0,666.7000000476837,,0.09999990463256836
201,2026-03-19,43,stop_bar+tm,True,1749,396,0,11.5,,0.09999990463256836
201,2026-03-19,45,tm,True,42,4,0,279.90000009536743,,20.799999952316284
201,2026-03-19,46,occupancy+pairs,True,2744,2,0,51.80000019073486,,0.09999990463256836
201,2026-03-19,47,unconfigured,False,3031,14,0,9.599999904632568,,0.09999990463256836
201,2026-03-19,48,unconfigured,False,2766,111,0,7.0,,0.09999990463256836
201,2026-03-19,49,arrival,True,1016,151,0,1.5,,0.09999990463256836
201,2026-03-19,51,occupancy,True,326,19,0,356.2999999523163,,0.09999990463256836
201,2026-03-19,52,unconfigured,False,376,18,0,1871.2999999523163,,0.09999990463256836
201,2026-03-19,53,occupancy,True,134,2,0,53.89999985694885,,0.10000014305114746
201,2026-03-19,55,unconfigured,False,351,11,0,355.2999999523163,,0.09999990463256836
201,2026-03-19,56,watchdog,True,0,0,0,,,
201,2026-03-19,57,watchdog,True,0,0,0,,,
201,2026-03-19,58,watchdog,True,0,0,0,,,
201,2026-03-19,60,stop_bar+tm,True,3008,448,0,43.39999985694885,,0.09999990463256836
201,2026-03-19,61,tm,True,646,155,0,619.5,,0.09999990463256836
201,2026-03-19,63,stop_bar+tm,True,431,32,0,95.60000014305115,,0.09999990463256836
201,2026-03-19,64,stop_bar,True,264,9,0,22.5,,0.09999990463256836
201,2026-03-20,1,unconfigured,False,2,0,0,144.40000009536743,,0.40000009536743164
201,2026-03-20,2,unconfigured,False,2,0,0,144.40000009536743,,0.40000009536743164
201,2026-03-20,3,unconfigured,False,2,0,0,144.40000009536743,,0.40000009536743164
201,2026-03-20,4,unconfigured,False,2,0,0,144.40000009536743,,0.40000009536743164
201,2026-03-20,5,unconfigured,False,2,0,0,144.40000009536743,,0.40000009536743164
201,2026-03-20,6,unconfigured,False,2,0,0,144.40000009536743,,0.40000009536743164
201,2026-03-20,7,unconfigured,False,2,0,0,144.40000009536743,,0.40000009536743164
201,2026-03-20,8,unconfigured,False,2,2,0,0.10000014305114746,,53.799999952316284
201,2026-03-20,9,unconfigured,False,198,4,0,62.59999990463257,,0.20000004768371582
201,2026-03-20,10,unconfigured,False,2,2,0,0.10000014305114746,,53.799999952316284
201,2026-03-20,11,unconfigured,False,300,2,0,16.09999990463257,,0.10000014305114746
201,2026-03-20,12,unconfigured,False,10,2,0,1.7000000476837158,,5.299999952316284
201,2026-03-20,13,unconfigured,False,300,3,0,16.90000009536743,,0.09999990463256836
201,2026-03-20,14,unconfigured,False,2,0,0,144.40000009536743,,0.40000009536743164
201,2026-03-20,15,unconfigured,False,2,0,0,144.40000009536743,,0.40000009536743164
201,2026-03-20,16,unconfigured,False,2,0,0,154.79999995231628,,0.40000009536743164
201,2026-03-20,17,pairs,True,2739,8,0,71.60000014305115,,0.09999990463256836
201,2026-03-20,18,unconfigured,False,2,0,0,86.10000014305115,,0.2999999523162842
201,2026-03-20,21,unconfigured,False,2,0,0,86.10000014305115,,0.2999999523162842
201,2026-03-20,22,pairs,True,129,4,0,71.19999980926514,,0.09999990463256836
201,2026-03-20,23,unconfigured,False,2,2,0,0.10000014305114746,,54.39999985694885
201,2026-03-20,24,pairs,True,735,7,0,79.09999990463257,,0.09999990463256836
201,2026-03-20,25,unconfigured,False,2,0,0,86.10000014305115,,0.2999999523162842
201,2026-03-20,26,pairs,True,1872,3,0,59.200000047683716,,0.09999990463256836
201,2026-03-20,27,unconfigured,False,2,2,0,0.10000014305114746,,54.39999985694885
201,2026-03-20,28,unconfigured,False,2,0,0,86.10000014305115,,0.2999999523162842
201,2026-03-20,29,unconfigured,False,2,0,0,86.10000014305115,,0.2999999523162842
201,2026-03-20,30,unconfigured,False,2,0,0,86.10000014305115,,0.2999999523162842
201,2026-03-20,31,pairs,True,325,2,0,31.0,,0.09999990463256836
201,2026-03-20,32,unconfigured,False,2,0,0,96.0,,0.2999999523162842
201,2026-03-20,33,occupancy+pairs,True,1853,74,0,58.799999952316284,,0.09999990463256836
201,2026-03-20,34,unconfigured,False,2109,5,0,11.599999904632568,,0.09999990463256836
201,2026-03-20,35,unconfigured,False,1081,231,0,4.099999904632568,,0.09999990463256836
201,2026-03-20,36,arrival,True,40,14,0,0.5999999046325684,,12.0
201,2026-03-20,38,occupancy+pairs,True,722,1,0,77.80000019073486,,0.09999990463256836
201,2026-03-20,39,occupancy+pairs,True,162,1,0,65.10000014305115,,0.09999990463256836
201,2026-03-20,40,stop_bar+tm,True,1020,14,0,176.10000014305115,,0.09999990463256836
201,2026-03-20,41,stop_bar+tm,True,0,0,0,,,
201,2026-03-20,42,pairs+tm,True,101,9,0,329.09999990463257,,0.09999990463256836
201,2026-03-20,43,stop_bar+tm,True,2001,440,0,69.5,,0.09999990463256836
201,2026-03-20,45,tm,True,52,5,0,95.09999990463257,,0.09999990463256836
201,2026-03-20,46,occupancy+pairs,True,3239,9,0,61.0,,0.09999990463256836
201,2026-03-20,47,unconfigured,False,3706,26,0,19.5,,0.09999990463256836
201,2026-03-20,48,unconfigured,False,3219,112,0,5.299999952316284,,0.09999990463256836
201,2026-03-20,49,arrival,True,1088,125,0,2.299999952316284,,0.09999990463256836
201,2026-03-20,51,occupancy,True,334,17,0,281.7999999523163,,0.09999990463256836
201,2026-03-20,52,unconfigured,False,437,12,0,1530.0,,0.09999990463256836
201,2026-03-20,53,occupancy,True,162,5,0,63.299999952316284,,0.09999990463256836
201,2026-03-20,55,unconfigured,False,424,16,0,797.7999999523163,,0.09999990463256836
201,2026-03-20,56,watchdog,True,0,0,0,,,
201,2026-03-20,57,watchdog,True,0,0,0,,,
201,2026-03-20,58,watchdog,True,0,0,0,,,
201,2026-03-20,60,stop_bar+tm,True,3705,472,0,35.89999985694885,,0.09999990463256836
201,2026-03-20,61,tm,True,775,187,0,553.7000000476837,,0.09999990463256836
201,2026-03-20,63,stop_bar+tm,True,480,50,0,73.59999990463257,,0.09999990463256836
201,2026-03-20,64,stop_bar,True,317,4,0,13.5,,0.10000014305114746
201,2026-06-20,1,unconfigured,False,4,0,0,171.09999990463257,,0.2999999523162842
201,2026-06-20,2,unconfigured,False,4075,52,0,181.5,,0.09999990463256836
201,2026-06-20,3,unconfigured,False,442,10,0,171.09999990463257,,0.09999990463256836
201,2026-06-20,4,unconfigured,False,695,5,0,181.70000004768372,,0.09999990463256836
201,2026-06-20,5,unconfigured,False,4,0,0,171.09999990463257,,0.2999999523162842
201,2026-06-20,6,unconfigured,False,4,0,0,171.09999990463257,,0.2999999523162842
201,2026-06-20,7,unconfigured,False,1647,17,0,181.70000004768372,,0.09999990463256836
201,2026-06-20,8,unconfigured,False,564,2,0,181.09999990463257,,0.09999990463256836
201,2026-06-20,9,unconfigured,False,4,0,0,171.09999990463257,,0.2999999523162842
201,2026-06-20,10,unconfigured,False,4,0,0,171.09999990463257,,0.2999999523162842
201,2026-06-20,11,unconfigured,False,4,0,0,171.09999990463257,,0.2999999523162842
201,2026-06-20,12,unconfigured,False,4,0,0,171.09999990463257,,0.2999999523162842
201,2026-06-20,13,unconfigured,False,4,0,0,171.09999990463257,,0.2999999523162842
201,2026-06-20,14,unconfigured,False,4,0,0,171.09999990463257,,0.2999999523162842
201,2026-06-20,15,unconfigured,False,4,0,0,171.09999990463257,,0.2999999523162842
201,2026-06-20,16,unconfigured,False,4,0,0,171.09999990463257,,0.2999999523162842
201,2026-06-20,17,pairs,True,2716,0,0,136.29999995231628,,0.09999990463256836
201,2026-06-20,19,unconfigured,False,2151,11,0,43.09999990463257,,0.19999980926513672
201,2026-06-20,20,unconfigured,False,9,0,0,317.09999990463257,,6.200000047683716
201,2026-06-20,22,pairs,True,273,0,0,95.90000009536743,,0.2999999523162842
201,2026-06-20,24,pairs,True,1053,0,0,103.79999995231628,,0.20000004768371582
201,2026-06-20,26,pairs,True,2375,0,0,317.09999990463257,,0.10000014305114746
201,2026-06-20,28,unconfigured,False,10,0,0,4.599999904632568,,1.6999998092651367
201,2026-06-20,29,pairs,True,598,2,0,32.39999985694885,,0.19999980926513672
201,2026-06-20,30,pairs,True,391,0,0,443.2000000476837,,0.20000004768371582
201,2026-06-20,31,pairs,True,735,1,0,77.0,,0.09999990463256836
201,2026-06-20,33,occupancy+pairs,True,3350,120,0,68.29999995231628,,0.09999990463256836
201,2026-06-20,34,unconfigured,False,3903,18,0,11.299999952316284,,0.09999990463256836
201,2026-06-20,35,unconfigured,False,3613,55,0,8.099999904632568,,0.09999990463256836
201,2026-06-20,36,arrival,True,3013,29,0,6.799999952316284,,0.09999990463256836
201,2026-06-20,38,occupancy+pairs,True,1272,2,0,93.59999990463257,,0.09999990463256836
201,2026-06-20,39,occupancy+pairs,True,294,5,0,100.20000004768372,,0.09999990463256836
201,2026-06-20,40,stop_bar+tm,True,2140,30,0,263.7000000476837,,0.09999990463256836
201,2026-06-20,41,stop_bar+pairs+tm,True,300,5,0,94.09999990463257,,0.09999990463256836
201,2026-06-20,42,pairs+tm,True,743,40,0,77.59999990463257,,0.09999990463256836
201,2026-06-20,43,stop_bar+pairs+tm,True,1003,34,0,22.0,,0.09999990463256836
201,2026-06-20,45,tm,True,79,9,0,300.5,,0.20000004768371582
201,2026-06-20,46,occupancy+pairs,True,4447,14,0,68.59999990463257,,0.09999990463256836
201,2026-06-20,47,unconfigured,False,4983,57,0,11.200000047683716,,0.09999990463256836
201,2026-06-20,48,unconfigured,False,3598,145,0,8.5,,0.09999990463256836
201,2026-06-20,49,arrival,True,0,0,0,,,
201,2026-06-20,51,occupancy,True,0,0,0,,,
201,2026-06-20,53,occupancy,True,0,0,0,,,
201,2026-06-20,60,stop_bar+tm,True,0,0,0,,,
201,2026-06-20,61,tm,True,0,0,0,,,
201,2026-06-20,63,stop_bar+tm,True,0,0,0,,,
201,2026-06-20,64,stop_bar,True,0,0,0,,,
201,2026-06-21,1,unconfigured,False,1,0,0,55.200000047683716,,86227.79999995232
201,2026-06-21,2,unconfigured,False,3481,65,0,194.70000004768372,,0.09999990463256836
201,2026-06-21,3,unconfigured,False,491,12,0,169.40000009536743,,0.09999990463256836
201,2026-06-21,4,unconfigured,False,303,4,0,163.5,,0.09999990463256836
201,2026-06-21,5,unconfigured,False,1,0,0,55.200000047683716,,86227.79999995232
201,2026-06-21,6,unconfigured,False,1,0,0,55.200000047683716,,86227.79999995232
201,2026-06-21,7,unconfigured,False,2355,23,0,151.29999995231628,,0.09999990463256836
201,2026-06-21,8,unconfigured,False,664,2,0,122.0,,0.09999990463256836
201,2026-06-21,9,unconfigured,False,1,0,0,55.200000047683716,,86227.79999995232
201,2026-06-21,10,unconfigured,False,1,0,0,55.200000047683716,,86227.79999995232
201,2026-06-21,11,unconfigured,False,1,0,0,55.200000047683716,,86227.79999995232
201,2026-06-21,12,unconfigured,False,1,0,0,55.200000047683716,,86227.79999995232
201,2026-06-21,13,unconfigured,False,1,0,0,55.200000047683716,,86227.79999995232
201,2026-06-21,14,unconfigured,False,1,0,0,55.200000047683716,,86227.79999995232
201,2026-06-21,15,unconfigured,False,1,0,0,55.200000047683716,,86227.79999995232
201,2026-06-21,16,unconfigured,False,1,0,0,55.200000047683716,,86227.79999995232
201,2026-06-21,17,pairs,True,2090,0,0,235.29999995231628,,0.19999980926513672
201,2026-06-21,19,unconfigured,False,1866,4,0,59.89999985694885,,0.19999980926513672
201,2026-06-21,20,unconfigured,False,0,0,0,,,
201,2026-06-21,22,pairs,True,305,0,0,164.59999990463257,,0.2999999523162842
201,2026-06-21,24,pairs,True,1032,0,0,342.39999985694885,,0.19999980926513672
201,2026-06-21,26,pairs,True,3701,0,0,180.30000019073486,,0.09999990463256836
201,2026-06-21,28,unconfigured,False,41,0,0,10760.799999952316,,6.200000047683716
201,2026-06-21,29,pairs,True,786,0,0,84.0,,0.10000014305114746
201,2026-06-21,30,pairs,True,487,0,0,444.39999985694885,,0.20000004768371582
201,2026-06-21,31,pairs,True,815,0,0,120.89999985694885,,0.19999980926513672
201,2026-06-21,33,occupancy+pairs,True,6516,103,0,94.59999990463257,,0.09999990463256836
201,2026-06-21,34,unconfigured,False,7587,24,0,22.200000047683716,,0.09999990463256836
201,2026-06-21,35,unconfigured,False,6991,102,0,9.5,,0.09999990463256836
201,2026-06-21,36,arrival,True,5314,70,0,12.100000143051147,,0.09999990463256836
201,2026-06-21,38,occupancy+pairs,True,1831,6,0,156.0,,0.09999990463256836
201,2026-06-21,39,occupancy+pairs,True,358,6,0,181.20000004768372,,0.09999990463256836
201,2026-06-21,40,stop_bar+tm,True,3183,50,0,131.40000009536743,,0.09999990463256836
201,2026-06-21,41,stop_bar+pairs+tm,True,377,10,0,152.29999995231628,,0.09999990463256836
201,2026-06-21,42,pairs+tm,True,847,48,0,110.09999990463257,,0.09999990463256836
201,2026-06-21,43,stop_bar+pairs+tm,True,1217,35,0,48.30000019073486,,0.09999990463256836
201,2026-06-21,45,tm,True,112,5,0,300.0,,0.3000001907348633
201,2026-06-21,46,occupancy+pairs,True,3661,9,0,83.79999995231628,,0.09999990463256836
201,2026-06-21,47,unconfigured,False,4337,75,0,11.399999856948853,,0.09999990463256836
201,2026-06-21,48,unconfigured,False,2931,123,0,10.400000095367432,,0.09999990463256836
201,2026-06-21,49,arrival,True,0,0,0,,,
201,2026-06-21,51,occupancy,True,0,0,0,,,
201,2026-06-21,53,occupancy,True,0,0,0,,,
201,2026-06-21,60,stop_bar+tm,True,0,0,0,,,
201,2026-06-21,61,tm,True,0,0,0,,,
201,2026-06-21,63,stop_bar+tm,True,0,0,0,,,
201,2026-06-21,64,stop_bar,True,0,0,0,,,
201,2026-06-22,1,unconfigured,False,2,0,0,71.40000009536743,,0.20000004768371582
201,2026-06-22,2,unconfigured,False,55,1,0,80.79999995231628,,0.09999990463256836
201,2026-06-22,3,unconfigured,False,7,0,0,71.40000009536743,,0.09999990463256836
201,2026-06-22,4,unconfigured,False,6,0,0,81.20000004768372,,0.20000004768371582
201,2026-06-22,5,unconfigured,False,2,0,0,71.40000009536743,,0.20000004768371582
201,2026-06-22,6,unconfigured,False,2,0,0,71.40000009536743,,0.20000004768371582
201,2026-06-22,7,unconfigured,False,16,1,0,81.20000004768372,,0.20000004768371582
201,2026-06-22,8,unconfigured,False,9,0,0,80.59999990463257,,0.20000004768371582
201,2026-06-22,9,unconfigured,False,2,0,0,71.40000009536743,,0.20000004768371582
201,2026-06-22,10,unconfigured,False,2,0,0,71.40000009536743,,0.20000004768371582
201,2026-06-22,11,unconfigured,False,2,0,0,71.40000009536743,,0.20000004768371582
201,2026-06-22,12,unconfigured,False,2,0,0,71.40000009536743,,0.20000004768371582
201,2026-06-22,13,unconfigured,False,2,0,0,71.40000009536743,,0.20000004768371582
201,2026-06-22,14,unconfigured,False,2,0,0,71.40000009536743,,0.20000004768371582
201,2026-06-22,15,unconfigured,False,2,0,0,71.40000009536743,,0.20000004768371582
201,2026-06-22,16,unconfigured,False,2,0,0,71.40000009536743,,0.20000004768371582
201,2026-06-22,17,pairs,True,2462,0,0,196.89999985694885,,0.19999980926513672
201,2026-06-22,19,unconfigured,False,1719,0,0,58.89999985694885,,0.39999985694885254
201,2026-06-22,20,unconfigured,False,21,0,0,193.40000009536743,,6.0
201,2026-06-22,22,pairs,True,253,0,0,131.10000014305115,,0.2999999523162842
201,2026-06-22,24,pairs,True,889,0,0,128.5,,0.20000004768371582
201,2026-06-22,26,pairs,True,2239,0,0,193.40000009536743,,0.19999980926513672
201,2026-06-22,28,unconfigured,False,17,0,0,13732.300000190735,,0.40000009536743164
201,2026-06-22,29,pairs,True,776,0,0,20.199999809265137,,0.20000004768371582
201,2026-06-22,30,pairs,True,554,0,0,144.0,,0.19999980926513672
201,2026-06-22,31,pairs,True,1063,1,0,77.69999980926514,,0.09999990463256836
201,2026-06-22,33,occupancy+pairs,True,3137,74,0,78.69999980926514,,0.09999990463256836
201,2026-06-22,34,unconfigured,False,3720,13,0,19.5,,0.09999990463256836
201,2026-06-22,35,unconfigured,False,3540,53,0,12.100000143051147,,0.09999990463256836
201,2026-06-22,36,arrival,True,3043,29,0,12.799999952316284,,0.09999990463256836
201,2026-06-22,38,occupancy+pairs,True,981,2,0,114.20000004768372,,0.09999990463256836
201,2026-06-22,39,occupancy+pairs,True,316,6,0,131.40000009536743,,0.09999990463256836
201,2026-06-22,40,stop_bar+tm,True,1450,18,0,75.79999995231628,,0.10000014305114746
201,2026-06-22,41,stop_bar+pairs+tm,True,398,9,0,118.29999995231628,,0.09999990463256836
201,2026-06-22,42,pairs+tm,True,1086,49,0,79.80000019073486,,0.09999990463256836
201,2026-06-22,43,stop_bar+pairs+tm,True,1397,46,0,301.5,,0.09999990463256836
201,2026-06-22,45,tm,True,95,12,0,503.40000009536743,,0.10000014305114746
201,2026-06-22,46,occupancy+pairs,True,4104,12,0,80.89999985694885,,0.09999990463256836
201,2026-06-22,47,unconfigured,False,5002,69,0,19.0,,0.09999990463256836
201,2026-06-22,48,unconfigured,False,4313,128,0,18.09999990463257,,0.09999990463256836
201,2026-06-22,49,arrival,True,0,0,0,,,
201,2026-06-22,51,occupancy,True,0,0,0,,,
201,2026-06-22,53,occupancy,True,0,0,0,,,
201,2026-06-22,60,stop_bar+tm,True,0,0,0,,,
201,2026-06-22,61,tm,True,0,0,0,,,
201,2026-06-22,63,stop_bar+tm,True,0,0,0,,,
201,2026-06-22,64,stop_bar,True,0,0,0,,,
201,2026-06-23,1,unconfigured,False,2,0,0,154.20000004768372,,49164.0
201,2026-06-23,2,unconfigured,False,2372,18,0,154.20000004768372,,0.09999990463256836
201,2026-06-23,3,unconfigured,False,380,3,0,170.59999990463257,,0.09999990463256836
201,2026-06-23,4,unconfigured,False,261,3,0,154.20000004768372,,0.09999990463256836
201,2026-06-23,5,unconfigured,False,2,0,0,154.20000004768372,,49164.0
201,2026-06-23,6,unconfigured,False,2,0,0,154.20000004768372,,49164.0
201,2026-06-23,7,unconfigured,False,779,12,0,154.20000004768372,,0.09999990463256836
201,2026-06-23,8,unconfigured,False,548,7,0,164.30000019073486,,0.10000014305114746
201,2026-06-23,9,unconfigured,False,2,0,0,154.20000004768372,,49164.0
201,2026-06-23,10,unconfigured,False,2,0,0,154.20000004768372,,49164.0
201,2026-06-23,11,unconfigured,False,2,0,0,154.20000004768372,,49164.0
201,2026-06-23,12,unconfigured,False,2,0,0,154.20000004768372,,49164.0
201,2026-06-23,13,unconfigured,False,2,0,0,154.20000004768372,,49164.0
201,2026-06-23,14,unconfigured,False,2,0,0,154.20000004768372,,49164.0
201,2026-06-23,15,unconfigured,False,2,0,0,154.20000004768372,,49164.0
201,2026-06-23,16,unconfigured,False,2,0,0,154.20000004768372,,49164.0
201,2026-06-23,17,pairs,True,2491,1,0,91.89999985694885,,0.19999980926513672
201,2026-06-23,19,unconfigured,False,1294,6,0,24.700000047683716,,0.39999985694885254
201,2026-06-23,20,unconfigured,False,2,0,0,8.700000047683716,,6.3999998569488525
201,2026-06-23,22,pairs,True,282,0,0,120.5,,0.2999999523162842
201,2026-06-23,24,pairs,True,860,0,0,79.09999990463257,,0.10000014305114746
201,2026-06-23,26,pairs,True,1856,0,0,100.40000009536743,,0.19999980926513672
201,2026-06-23,28,unconfigured,False,14,0,0,2.0999999046325684,,1.5999999046325684
201,2026-06-23,29,pairs,True,701,0,0,36.40000009536743,,0.20000004768371582
201,2026-06-23,30,pairs,True,454,0,0,574.2000000476837,,0.10000014305114746
201,2026-06-23,31,pairs,True,1074,0,0,51.0,,0.19999980926513672
201,2026-06-23,33,occupancy+pairs,True,2434,75,0,50.90000009536743,,0.09999990463256836
201,2026-06-23,34,unconfigured,False,2776,9,0,9.0,,0.09999990463256836
201,2026-06-23,35,unconfigured,False,2654,22,0,8.399999856948853,,0.09999990463256836
201,2026-06-23,36,arrival,True,2343,21,0,5.400000095367432,,0.09999990463256836
201,2026-06-23,38,occupancy+pairs,True,842,1,0,75.90000009536743,,0.09999990463256836
201,2026-06-23,39,occupancy+pairs,True,337,6,0,106.20000004768372,,0.09999990463256836
201,2026-06-23,40,stop_bar+tm,True,1206,23,0,47.90000009536743,,0.09999990463256836
201,2026-06-23,41,stop_bar+pairs+tm,True,345,10,0,84.29999995231628,,0.09999990463256836
201,2026-06-23,42,pairs+tm,True,671,28,0,342.40000009536743,,0.09999990463256836
201,2026-06-23,43,stop_bar+pairs+tm,True,733,31,0,114.39999985694885,,0.09999990463256836
201,2026-06-23,45,tm,True,78,10,0,300.7999999523163,,0.10000014305114746
201,2026-06-23,46,occupancy+pairs,True,3610,12,0,64.79999995231628,,0.09999990463256836
201,2026-06-23,47,unconfigured,False,4079,46,0,12.0,,0.09999990463256836
201,2026-06-23,48,unconfigured,False,3555,143,0,9.0,,0.09999990463256836
201,2026-06-23,49,arrival,True,0,0,0,,,
201,2026-06-23,51,occupancy,True,0,0,0,,,
201,2026-06-23,53,occupancy,True,0,0,0,,,
201,2026-06-23,60,stop_bar+tm,True,0,0,0,,,
201,2026-06-23,61,tm,True,0,0,0,,,
201,2026-06-23,63,stop_bar+tm,True,0,0,0,,,
201,2026-06-23,64,stop_bar,True,0,0,0,,,
201,2026-06-24,1,unconfigured,False,1,0,1,,50.799999952316284,
201,2026-06-24,2,unconfigured,False,3856,60,1,72.0,50.799999952316284,0.09999990463256836
201,2026-06-24,3,unconfigured,False,386,9,1,146.40000009536743,50.799999952316284,0.10000014305114746
201,2026-06-24,4,unconfigured,False,282,11,1,103.0,50.799999952316284,0.09999990463256836
201,2026-06-24,5,unconfigured,False,1,0,1,,50.799999952316284,
201,2026-06-24,6,unconfigured,False,1,0,1,,50.799999952316284,
201,2026-06-24,7,unconfigured,False,1130,20,1,114.59999990463257,50.799999952316284,0.09999990463256836
201,2026-06-24,8,unconfigured,False,568,6,1,51.0,50.799999952316284,0.09999990463256836
201,2026-06-24,9,unconfigured,False,1,0,1,,50.799999952316284,
201,2026-06-24,10,unconfigured,False,1,0,1,,50.799999952316284,
201,2026-06-24,11,unconfigured,False,1,0,1,,50.799999952316284,
201,2026-06-24,12,unconfigured,False,1,0,1,,50.799999952316284,
201,2026-06-24,13,unconfigured,False,1,0,1,,50.799999952316284,
201,2026-06-24,14,unconfigured,False,1,0,1,,50.799999952316284,
201,2026-06-24,15,unconfigured,False,1,0,1,,50.799999952316284,
201,2026-06-24,16,unconfigured,False,1,0,1,,50.799999952316284,
201,2026-06-24,17,pairs,True,2717,0,0,81.80000019073486,,0.09999990463256836
201,2026-06-24,19,unconfigured,False,1496,3,0,18.799999952316284,,0.2999999523162842
201,2026-06-24,20,unconfigured,False,5,0,0,71.39999985694885,,6.099999904632568
201,2026-06-24,22,pairs,True,228,0,0,103.59999990463257,,0.2999999523162842
201,2026-06-24,24,pairs,True,886,1,0,91.40000009536743,,0.20000004768371582
201,2026-06-24,26,pairs,True,2134,0,0,123.09999990463257,,0.10000014305114746
201,2026-06-24,28,unconfigured,False,8,0,0,2.0,,109.40000009536743
201,2026-06-24,29,pairs,True,599,0,0,17.0,,0.10000014305114746
201,2026-06-24,30,pairs,True,408,0,0,645.0,,0.19999980926513672
201,2026-06-24,31,pairs,True,1454,2,0,51.799999952316284,,0.09999990463256836
201,2026-06-24,33,occupancy+pairs,True,2756,93,0,57.5,,0.09999990463256836
201,2026-06-24,34,unconfigured,False,3139,7,0,11.299999952316284,,0.09999990463256836
201,2026-06-24,35,unconfigured,False,2996,38,0,7.5,,0.09999990463256836
201,2026-06-24,36,arrival,True,2660,21,0,6.700000047683716,,0.09999990463256836
201,2026-06-24,38,occupancy+pairs,True,869,3,0,90.20000004768372,,0.09999990463256836
201,2026-06-24,39,occupancy+pairs,True,294,5,0,107.90000009536743,,0.09999990463256836
201,2026-06-24,40,stop_bar+tm,True,1254,31,0,115.0,,0.09999990463256836
201,2026-06-24,41,stop_bar+pairs+tm,True,266,5,0,79.20000004768372,,0.09999990463256836
201,2026-06-24,42,pairs+tm,True,605,33,0,295.5,,0.09999990463256836
201,2026-06-24,43,stop_bar+pairs+tm,True,584,15,0,26.09999990463257,,0.09999990463256836
201,2026-06-24,45,tm,True,83,4,0,365.2999999523163,,0.09999990463256836
201,2026-06-24,46,occupancy+pairs,True,4037,15,0,61.799999952316284,,0.09999990463256836
201,2026-06-24,47,unconfigured,False,4592,30,0,10.099999904632568,,0.09999990463256836
201,2026-06-24,48,unconfigured,False,3913,148,0,12.799999952316284,,0.09999990463256836
201,2026-06-24,49,arrival,True,0,0,0,,,
201,2026-06-24,51,occupancy,True,0,0,0,,,
201,2026-06-24,53,occupancy,True,0,0,0,,,
201,2026-06-24,60,stop_bar+tm,True,0,0,0,,,
201,2026-06-24,61,tm,True,0,0,0,,,
201,2026-06-24,63,stop_bar+tm,True,0,0,0,,,
201,2026-06-24,64,stop_bar,True,0,0,0,,,
313,2026-08-05,34,occupancy,True,7656,9,0,314.7999999523163,,0.09999990463256836
313,2026-08-05,35,unconfigured,False,11921,101,0,281.5,,0.09999990463256836
313,2026-08-05,36,arrival,True,11793,614,0,268.80000019073486,,0.09999990463256836
313,2026-08-05,38,occupancy,True,2569,191,0,338.0,,0.09999990463256836
313,2026-08-05,39,unconfigured,False,2690,167,0,276.10000014305115,,0.09999990463256836
313,2026-08-05,40,arrival,True,4248,802,0,268.80000019073486,,0.09999990463256836
313,2026-08-05,42,occupancy,True,2229,15,0,368.09999990463257,,0.09999990463256836
313,2026-08-05,43,occupancy,True,4625,75,0,269.60000014305115,,0.09999990463256836
313,2026-08-05,45,unconfigured,False,10421,350,0,268.80000019073486,,0.09999990463256836
313,2026-08-05,46,unconfigured,False,9375,133,0,268.80000019073486,,0.0
313,2026-08-05,47,tm,True,5092,125,0,268.80000019073486,,0.09999990463256836
313,2026-08-05,48,arrival+tm,True,7815,122,0,268.80000019073486,,0.09999990463256836
313,2026-08-05,49,pairs,True,0,0,0,,,
313,2026-08-05,50,pairs,True,0,0,0,,,
313,2026-08-05,52,pairs,True,0,0,0,,,
313,2026-08-05,53,tm,True,0,0,0,,,
313,2026-08-05,54,tm,True,0,0,0,,,
313,2026-08-05,55,unconfigured,False,13330,69,0,276.5,,0.0
313,2026-08-05,61,pairs,True,0,0,0,,,
313,2026-08-05,62,pairs,True,0,0,0,,,
313,2026-08-05,63,tm,True,0,0,0,,,
313,2026-08-05,64,pairs+tm,True,0,0,0,,,
313,2026-08-06,34,occupancy,True,7298,6,0,121.39999985694885,,0.09999990463256836
313,2026-08-06,35,unconfigured,False,11647,87,0,15.600000143051147,,0.09999990463256836
313,2026-08-06,36,arrival,True,11453,611,0,11.0,,0.09999990463256836
313,2026-08-06,38,occupancy,True,1584,20,0,217.5,,0.09999990463256836
313,2026-08-06,39,unconfigured,False,2875,190,0,12.200000047683716,,0.09999990463256836
313,2026-08-06,40,arrival,True,4753,869,0,14.299999952316284,,0.09999990463256836
313,2026-08-06,42,occupancy,True,2582,17,0,177.70000004768372,,0.09999990463256836
313,2026-08-06,43,occupancy,True,4834,75,0,93.20000004768372,,0.09999990463256836
313,2026-08-06,45,unconfigured,False,11124,527,0,180.29999995231628,,0.09999990463256836
313,2026-08-06,46,unconfigured,False,9641,167,0,38.89999985694885,,0.09999990463256836
313,2026-08-06,47,tm,True,5816,116,0,9.600000143051147,,0.09999990463256836
313,2026-08-06,48,arrival+tm,True,7821,124,0,8.599999904632568,,0.09999990463256836
313,2026-08-06,49,pairs,True,0,0,0,,,
313,2026-08-06,50,pairs,True,0,0,0,,,
313,2026-08-06,52,pairs,True,0,0,0,,,
313,2026-08-06,53,tm,True,0,0,0,,,
313,2026-08-06,54,tm,True,0,0,0,,,
313,2026-08-06,55,unconfigured,False,13967,23,0,46.0,,0.09999990463256836
313,2026-08-06,61,pairs,True,0,0,0,,,
313,2026-08-06,62,pairs,True,0,0,0,,,
313,2026-08-06,63,tm,True,0,0,0,,,
313,2026-08-06,64,pairs+tm,True,0,0,0,,,
313,2026-08-07,34,occupancy,True,7703,3,0,175.20000004768372,,0.09999990463256836
313,2026-08-07,35,unconfigured,False,11698,73,0,16.399999856948853,,0.09999990463256836
313,2026-08-07,36,arrival,True,11406,585,0,12.299999952316284,,0.09999990463256836
313,2026-08-07,38,occupancy,True,1557,13,0,230.70000004768372,,0.09999990463256836
313,2026-08-07,39,unconfigured,False,2670,126,0,10.799999952316284,,0.09999990463256836
313,2026-08-07,40,arrival,True,4382,785,0,10.5,,0.09999990463256836
313,2026-08-07,42,occupancy,True,2603,11,0,170.20000004768372,,0.09999990463256836
313,2026-08-07,43,occupancy,True,4938,80,0,105.70000004768372,,0.09999990463256836
313,2026-08-07,45,unconfigured,False,11210,449,0,142.5,,0.09999990463256836
313,2026-08-07,46,unconfigured,False,9691,172,0,164.29999995231628,,0.09999990463256836
313,2026-08-07,47,tm,True,5788,133,0,9.300000190734863,,0.09999990463256836
313,2026-08-07,48,arrival+tm,True,8192,100,0,6.699999809265137,,0.09999990463256836
313,2026-08-07,49,pairs,True,0,0,0,,,
313,2026-08-07,50,pairs,True,0,0,0,,,
313,2026-08-07,52,pairs,True,0,0,0,,,
313,2026-08-07,53,tm,True,0,0,0,,,
313,2026-08-07,54,tm,True,0,0,0,,,
313,2026-08-07,55,unconfigured,False,14142,19,0,128.80000019073486,,0.09999990463256836
313,2026-08-07,61,pairs,True,0,0,0,,,
313,2026-08-07,62,pairs,True,0,0,0,,,
313,2026-08-07,63,tm,True,0,0,0,,,
313,2026-08-07,64,pairs+tm,True,0,0,0,,,
313,2026-08-08,34,occupancy,True,7177,6,0,123.40000009536743,,0.09999990463256836
313,2026-08-08,35,unconfigured,False,9732,32,0,13.200000047683716,,0.09999990463256836
313,2026-08-08,36,arrival,True,9792,303,0,9.200000047683716,,0.09999990463256836
313,2026-08-08,38,occupancy,True,1366,3,0,155.10000014305115,,0.09999990463256836
313,2026-08-08,39,unconfigured,False,1986,55,0,8.0,,0.09999990463256836
313,2026-08-08,40,arrival,True,2924,586,0,7.5,,0.09999990463256836
313,2026-08-08,42,occupancy,True,2023,3,0,101.80000019073486,,0.09999990463256836
313,2026-08-08,43,occupancy,True,3834,56,0,87.79999995231628,,0.09999990463256836
313,2026-08-08,45,unconfigured,False,8939,395,0,146.0,,0.09999990463256836
313,2026-08-08,46,unconfigured,False,7605,116,0,23.100000143051147,,0.09999990463256836
313,2026-08-08,47,tm,True,3871,40,0,7.200000047683716,,0.09999990463256836
313,2026-08-08,48,arrival+tm,True,6963,48,0,5.1000001430511475,,0.09999990463256836
313,2026-08-08,49,pairs,True,0,0,0,,,
313,2026-08-08,50,pairs,True,0,0,0,,,
313,2026-08-08,52,pairs,True,0,0,0,,,
313,2026-08-08,53,tm,True,0,0,0,,,
313,2026-08-08,54,tm,True,0,0,0,,,
313,2026-08-08,55,unconfigured,False,10770,4,0,2.0,,0.09999990463256836
313,2026-08-08,61,pairs,True,0,0,0,,,
313,2026-08-08,62,pairs,True,0,0,0,,,
313,2026-08-08,63,tm,True,0,0,0,,,
313,2026-08-08,64,pairs+tm,True,0,0,0,,,
313,2026-08-09,34,occupancy,True,6221,5,0,63.40000009536743,,0.09999990463256836
313,2026-08-09,35,unconfigured,False,8200,28,0,11.099999904632568,,0.09999990463256836
313,2026-08-09,36,arrival,True,8467,299,0,9.0,,0.09999990463256836
313,2026-08-09,38,occupancy,True,1325,3,0,123.0,,0.09999990463256836
313,2026-08-09,39,unconfigured,False,1951,40,0,7.299999952316284,,0.09999990463256836
313,2026-08-09,40,arrival,True,2675,479,0,4.300000190734863,,0.09999990463256836
313,2026-08-09,42,occupancy,True,1818,3,0,94.0,,0.09999990463256836
313,2026-08-09,43,occupancy,True,3491,39,0,91.40000009536743,,0.09999990463256836
313,2026-08-09,45,unconfigured,False,7595,329,0,132.70000004768372,,0.09999990463256836
313,2026-08-09,46,unconfigured,False,6472,88,0,13.5,,0.09999990463256836
313,2026-08-09,47,tm,True,3381,30,0,8.0,,0.09999990463256836
313,2026-08-09,48,arrival+tm,True,6025,46,0,5.900000095367432,,0.09999990463256836
313,2026-08-09,49,pairs,True,0,0,0,,,
313,2026-08-09,50,pairs,True,0,0,0,,,
313,2026-08-09,52,pairs,True,0,0,0,,,
313,2026-08-09,53,tm,True,0,0,0,,,
313,2026-08-09,54,tm,True,0,0,0,,,
313,2026-08-09,55,unconfigured,False,9280,1,0,1.8999998569488525,,0.09999990463256836
313,2026-08-09,61,pairs,True,0,0,0,,,
313,2026-08-09,62,pairs,True,0,0,0,,,
313,2026-08-09,63,tm,True,0,0,0,,,
313,2026-08-09,64,pairs+tm,True,0,0,0,,,
313,2026-08-10,34,occupancy,True,7263,10,0,182.20000004768372,,0.09999990463256836
313,2026-08-10,35,unconfigured,False,11452,79,0,19.200000047683716,,0.09999990463256836
313,2026-08-10,36,arrival,True,11431,663,0,13.600000143051147,,0.09999990463256836
313,2026-08-10,38,occupancy,True,1524,10,0,239.0,,0.09999990463256836
313,2026-08-10,39,unconfigured,False,2821,191,0,10.799999952316284,,0.09999990463256836
313,2026-08-10,40,arrival,True,4494,829,0,13.5,,0.09999990463256836
313,2026-08-10,42,occupancy,True,2438,13,0,126.80000019073486,,0.09999990463256836
313,2026-08-10,43,occupancy,True,4826,85,0,90.29999995231628,,0.09999990463256836
313,2026-08-10,45,unconfigured,False,10800,493,0,180.5,,0.09999990463256836
313,2026-08-10,46,unconfigured,False,9350,188,0,45.40000009536743,,0.09999990463256836
313,2026-08-10,47,tm,True,5600,104,0,9.899999856948853,,0.09999990463256836
313,2026-08-10,48,arrival+tm,True,7788,126,0,7.0,,0.09999990463256836
313,2026-08-10,49,pairs,True,0,0,0,,,
313,2026-08-10,50,pairs,True,0,0,0,,,
313,2026-08-10,52,pairs,True,0,0,0,,,
313,2026-08-10,53,tm,True,0,0,0,,,
313,2026-08-10,54,tm,True,0,0,0,,,
313,2026-08-10,55,unconfigured,False,13681,18,0,39.60000014305115,,0.09999990463256836
313,2026-08-10,61,pairs,True,0,0,0,,,
313,2026-08-10,62,pairs,True,0,0,0,,,
313,2026-08-10,63,tm,True,0,0,0,,,
313,2026-08-10,64,pairs+tm,True,0,0,0,,,
313,2026-08-11,34,occupancy,True,7343,4,0,129.79999995231628,,0.09999990463256836
313,2026-08-11,35,unconfigured,False,11487,79,0,15.700000047683716,,0.09999990463256836
313,2026-08-11,36,arrival,True,11385,692,0,11.700000047683716,,0.09999990463256836
313,2026-08-11,38,occupancy,True,1564,19,0,195.89999985694885,,0.09999990463256836
313,2026-08-11,39,unconfigured,False,2804,152,0,14.900000095367432,,0.09999990463256836
313,2026-08-11,40,arrival,True,4422,888,0,10.0,,0.09999990463256836
313,2026-08-11,42,occupancy,True,2618,10,0,185.70000004768372,,0.09999990463256836
313,2026-08-11,43,occupancy,True,4866,78,0,99.29999995231628,,0.09999990463256836
313,2026-08-11,45,unconfigured,False,11115,523,0,49.5,,0.09999990463256836
313,2026-08-11,46,unconfigured,False,9539,167,0,100.89999985694885,,0.09999990463256836
313,2026-08-11,47,tm,True,5768,99,0,22.600000143051147,,0.09999990463256836
313,2026-08-11,48,arrival+tm,True,8079,116,0,5.300000190734863,,0.09999990463256836
313,2026-08-11,49,pairs,True,0,0,0,,,
313,2026-08-11,50,pairs,True,0,0,0,,,
313,2026-08-11,52,pairs,True,0,0,0,,,
313,2026-08-11,53,tm,True,0,0,0,,,
313,2026-08-11,54,tm,True,0,0,0,,,
313,2026-08-11,55,unconfigured,False,14134,9,0,39.09999990463257,,0.09999990463256836
313,2026-08-11,61,pairs,True,0,0,0,,,
313,2026-08-11,62,pairs,True,0,0,0,,,
313,2026-08-11,63,tm,True,0,0,0,,,
313,2026-08-11,64,pairs+tm,True,0,0,0,,,
313,2026-08-12,34,occupancy,True,7166,5,0,176.20000004768372,,0.09999990463256836
313,2026-08-12,35,unconfigured,False,11122,91,0,17.200000047683716,,0.09999990463256836
313,2026-08-12,36,arrival,True,10832,554,0,12.799999952316284,,0.09999990463256836
313,2026-08-12,38,occupancy,True,1499,17,0,175.40000009536743,,0.09999990463256836
313,2026-08-12,39,unconfigured,False,2665,168,0,10.599999904632568,,0.09999990463256836
313,2026-08-12,40,arrival,True,4334,803,0,9.899999856948853,,0.09999990463256836
313,2026-08-12,42,occupancy,True,2524,12,0,191.5,,0.09999990463256836
313,2026-08-12,43,occupancy,True,4799,77,0,142.5,,0.09999990463256836
313,2026-08-12,45,unconfigured,False,10870,482,0,108.09999990463257,,0.09999990463256836
313,2026-08-12,46,unconfigured,False,9432,189,0,65.90000009536743,,0.09999990463256836
313,2026-08-12,47,tm,True,5657,96,0,8.799999952316284,,0.09999990463256836
313,2026-08-12,48,arrival+tm,True,7930,117,0,5.700000047683716,,0.09999990463256836
313,2026-08-12,49,pairs,True,0,0,0,,,
313,2026-08-12,50,pairs,True,0,0,0,,,
313,2026-08-12,52,pairs,True,0,0,0,,,
313,2026-08-12,53,tm,True,0,0,0,,,
313,2026-08-12,54,tm,True,0,0,0,,,
313,2026-08-12,55,unconfigured,False,13689,20,0,103.09999990463257,,0.09999990463256836
313,2026-08-12,61,pairs,True,0,0,0,,,
313,2026-08-12,62,pairs,True,0,0,0,,,
313,2026-08-12,63,tm,True,0,0,0,,,
313,2026-08-12,64,pairs+tm,True,0,0,0,,,
313,2026-08-13,34,occupancy,True,7063,6,0,150.70000004768372,,0.09999990463256836
313,2026-08-13,35,unconfigured,False,11333,79,0,16.40000009536743,,0.09999990463256836
313,2026-08-13,36,arrival,True,11494,699,0,15.700000047683716,,0.09999990463256836
313,2026-08-13,38,occupancy,True,1620,9,1,248.89999985694885,0.09999990463256836,0.09999990463256836
313,2026-08-13,39,unconfigured,False,2970,183,0,10.099999904632568,,0.09999990463256836
313,2026-08-13,40,arrival,True,4593,834,0,7.700000047683716,,0.09999990463256836
313,2026-08-13,42,occupancy,True,2541,17,1,167.20000004768372,23.5,0.09999990463256836
313,2026-08-13,43,occupancy,True,4908,83,0,85.40000009536743,,0.09999990463256836
313,2026-08-13,45,unconfigured,False,11025,470,0,69.59999990463257,,0.09999990463256836
313,2026-08-13,46,unconfigured,False,9630,166,0,54.5,,0.09999990463256836
313,2026-08-13,47,tm,True,5914,124,0,9.399999856948853,,0.09999990463256836
313,2026-08-13,48,arrival+tm,True,8199,109,0,5.299999952316284,,0.09999990463256836
313,2026-08-13,49,pairs,True,0,0,0,,,
313,2026-08-13,50,pairs,True,0,0,0,,,
313,2026-08-13,52,pairs,True,0,0,0,,,
313,2026-08-13,53,tm,True,0,0,0,,,
313,2026-08-13,54,tm,True,0,0,0,,,
313,2026-08-13,55,unconfigured,False,14293,24,0,37.39999985694885,,0.09999990463256836
313,2026-08-13,61,pairs,True,0,0,0,,,
313,2026-08-13,62,pairs,True,0,0,0,,,
313,2026-08-13,63,tm,True,0,0,0,,,
313,2026-08-13,64,pairs+tm,True,0,0,0,,,
313,2026-08-14,34,occupancy,True,8028,11,0,145.70000004768372,,0.09999990463256836
313,2026-08-14,35,unconfigured,False,12359,90,0,17.5,,0.09999990463256836
313,2026-08-14,36,arrival,True,12029,585,0,13.5,,0.09999990463256836
313,2026-08-14,38,occupancy,True,1597,15,0,201.0,,0.09999990463256836
313,2026-08-14,39,unconfigured,False,2754,149,0,9.100000143051147,,0.09999990463256836
313,2026-08-14,40,arrival,True,4246,814,0,6.599999904632568,,0.09999990463256836
313,2026-08-14,42,occupancy,True,2336,10,0,168.20000004768372,,0.09999990463256836
313,2026-08-14,43,occupancy,True,4609,70,0,88.90000009536743,,0.09999990463256836
313,2026-08-14,45,unconfigured,False,10382,471,0,41.200000047683716,,0.09999990463256836
313,2026-08-14,46,unconfigured,False,9005,139,0,63.59999990463257,,0.09999990463256836
313,2026-08-14,47,tm,True,5377,91,0,8.200000047683716,,0.09999990463256836
313,2026-08-14,48,arrival+tm,True,7751,106,0,6.0,,0.09999990463256836
313,2026-08-14,49,pairs,True,0,0,0,,,
313,2026-08-14,50,pairs,True,0,0,0,,,
313,2026-08-14,52,pairs,True,0,0,0,,,
313,2026-08-14,53,tm,True,0,0,0,,,
313,2026-08-14,54,tm,True,0,0,0,,,
313,2026-08-14,55,unconfigured,False,13054,92,0,187.29999995231628,,0.09999990463256836
313,2026-08-14,61,pairs,True,0,0,0,,,
313,2026-08-14,62,pairs,True,0,0,0,,,
313,2026-08-14,63,tm,True,0,0,0,,,
313,2026-08-14,64,pairs+tm,True,0,0,0,,,
313,2026-08-15,34,occupancy,True,7194,8,0,98.29999995231628,,0.09999990463256836
313,2026-08-15,35,unconfigured,False,9817,38,0,15.400000095367432,,0.09999990463256836
313,2026-08-15,36,arrival,True,10066,394,0,9.5,,0.09999990463256836
313,2026-08-15,38,occupancy,True,1274,6,0,186.20000004768372,,0.09999990463256836
313,2026-08-15,39,unconfigured,False,1885,63,0,9.099999904632568,,0.09999990463256836
313,2026-08-15,40,arrival,True,3013,671,0,5.700000047683716,,0.09999990463256836
313,2026-08-15,42,occupancy,True,2076,6,0,100.60000014305115,,0.09999990463256836
313,2026-08-15,43,occupancy,True,4102,53,0,91.40000009536743,,0.09999990463256836
313,2026-08-15,45,unconfigured,False,9280,444,0,25.0,,0.09999990463256836
313,2026-08-15,46,unconfigured,False,8017,116,0,4.400000095367432,,0.09999990463256836
313,2026-08-15,47,tm,True,4054,35,0,7.5,,0.09999990463256836
313,2026-08-15,48,arrival+tm,True,7488,49,0,6.200000047683716,,0.09999990463256836
313,2026-08-15,49,pairs,True,0,0,0,,,
313,2026-08-15,50,pairs,True,0,0,0,,,
313,2026-08-15,52,pairs,True,0,0,0,,,
313,2026-08-15,53,tm,True,0,0,0,,,
313,2026-08-15,54,tm,True,0,0,0,,,
313,2026-08-15,55,unconfigured,False,11415,4,0,3.0999999046325684,,0.09999990463256836
313,2026-08-15,61,pairs,True,0,0,0,,,
313,2026-08-15,62,pairs,True,0,0,0,,,
313,2026-08-15,63,tm,True,0,0,0,,,
313,2026-08-15,64,pairs+tm,True,0,0,0,,,
313,2026-08-16,34,occupancy,True,6263,8,0,73.90000009536743,,0.09999990463256836
313,2026-08-16,35,unconfigured,False,8238,18,0,11.300000190734863,,0.09999990463256836
313,2026-08-16,36,arrival,True,8522,309,0,6.1000001430511475,,0.09999990463256836
313,2026-08-16,38,occupancy,True,1320,2,0,125.79999995231628,,0.09999990463256836
313,2026-08-16,39,unconfigured,False,1898,47,0,7.200000047683716,,0.09999990463256836
313,2026-08-16,40,arrival,True,2580,487,0,12.700000047683716,,0.09999990463256836
313,2026-08-16,42,occupancy,True,1935,3,0,90.39999985694885,,0.09999990463256836
313,2026-08-16,43,occupancy,True,3468,39,0,89.40000009536743,,0.09999990463256836
313,2026-08-16,45,unconfigured,False,7675,367,0,1.5,,0.09999990463256836
313,2026-08-16,46,unconfigured,False,6585,65,0,4.800000190734863,,0.09999990463256836
313,2026-08-16,47,tm,True,3545,23,0,7.1000001430511475,,0.09999990463256836
313,2026-08-16,48,arrival+tm,True,6219,51,0,6.200000047683716,,0.09999990463256836
313,2026-08-16,49,pairs,True,0,0,0,,,
313,2026-08-16,50,pairs,True,0,0,0,,,
313,2026-08-16,52,pairs,True,0,0,0,,,
313,2026-08-16,53,tm,True,0,0,0,,,
313,2026-08-16,54,tm,True,0,0,0,,,
313,2026-08-16,55,unconfigured,False,9618,3,0,1.9000000953674316,,0.09999990463256836
313,2026-08-16,61,pairs,True,0,0,0,,,
313,2026-08-16,62,pairs,True,0,0,0,,,
313,2026-08-16,63,tm,True,0,0,0,,,
313,2026-08-16,64,pairs+tm,True,0,0,0,,,
315,2025-12-14,17,stop_bar+tm,True,342,85,0,3.299999952316284,,0.09999990463256836
315,2025-12-14,18,stop_bar+tm,True,1052,712,0,66.5,,0.09999990463256836
315,2025-12-14,19,stop_bar+tm,True,1195,806,0,4.900000095367432,,0.09999990463256836
315,2025-12-14,20,stop_bar+tm,True,1439,938,0,73.39999985694885,,0.10000014305114746
315,2025-12-14,21,tm,True,295,84,0,2.200000047683716,,0.09999990463256836
315,2025-12-14,22,stop_bar+tm,True,788,72,0,11.399999856948853,,0.10000014305114746
315,2025-12-14,23,stop_bar+tm,True,497,91,0,1.0,,0.10000014305114746
315,2025-12-14,24,tm,True,378,59,0,4.699999809265137,,0.09999990463256836
315,2025-12-14,25,stop_bar+tm,True,1090,369,0,2.5,,0.09999990463256836
315,2025-12-14,26,stop_bar+tm,True,1286,1019,0,1.0,,0.09999990463256836
315,2025-12-14,27,stop_bar+tm,True,1238,1028,0,1.0999999046325684,,0.09999990463256836
315,2025-12-14,28,stop_bar+tm,True,670,528,0,0.6999998092651367,,0.3000001907348633
315,2025-12-14,29,tm,True,600,185,0,2.200000047683716,,0.5
315,2025-12-14,30,stop_bar+tm,True,494,163,0,1.0999999046325684,,0.10000014305114746
315,2025-12-14,31,stop_bar+tm,True,428,90,0,1.2000000476837158,,0.09999990463256836
315,2025-12-14,32,tm,True,945,48,0,10.299999952316284,,0.09999990463256836
315,2025-12-14,33,unconfigured,False,368,7,0,68.0,,0.10000014305114746
315,2025-12-14,34,occupancy,True,1302,2,0,87.19999980926514,,0.09999990463256836
315,2025-12-14,35,occupancy,True,1503,2,0,85.0,,0.09999990463256836
315,2025-12-14,36,occupancy,True,1723,9,0,75.09999990463257,,0.09999990463256836
315,2025-12-14,37,unconfigured,False,4679,15,0,9.0,,0.09999990463256836
315,2025-12-14,38,arrival,True,1390,14,0,1.7000000476837158,,0.09999990463256836
315,2025-12-14,39,arrival,True,1604,11,0,1.4000000953674316,,0.09999990463256836
315,2025-12-14,40,arrival,True,1923,100,0,1.5999999046325684,,0.09999990463256836
315,2025-12-14,41,unconfigured,False,375,19,0,27.90000009536743,,0.09999990463256836
315,2025-12-14,42,unconfigured,False,693,5,0,73.29999995231628,,0.09999990463256836
315,2025-12-14,43,unconfigured,False,714,16,0,52.89999985694885,,0.09999990463256836
315,2025-12-14,44,unconfigured,False,515,19,0,80.40000009536743,,0.09999990463256836
315,2025-12-14,47,unconfigured,False,363,9,0,38.5,,0.09999990463256836
315,2025-12-14,49,unconfigured,False,908,6,0,72.59999990463257,,0.09999990463256836
315,2025-12-14,50,occupancy,True,1637,1,0,56.299999952316284,,0.09999990463256836
315,2025-12-14,51,occupancy,True,1796,2,0,55.59999990463257,,0.09999990463256836
315,2025-12-14,52,occupancy,True,892,0,0,46.40000009536743,,0.09999990463256836
315,2025-12-14,53,unconfigured,False,4559,13,0,1.9000000953674316,,0.09999990463256836
315,2025-12-14,54,arrival,True,1837,26,0,1.5999999046325684,,0.09999990463256836
315,2025-12-14,55,arrival,True,2034,15,0,1.4000000953674316,,0.09999990463256836
315,2025-12-14,56,arrival,True,1240,73,0,82.80000019073486,,0.09999990463256836
315,2025-12-14,57,unconfigured,False,577,0,0,27.0,,0.10000014305114746
315,2025-12-14,58,unconfigured,False,342,1,0,71.5,,0.09999990463256836
315,2025-12-14,59,unconfigured,False,332,1,0,46.59999990463257,,0.7000000476837158
315,2025-12-14,60,unconfigured,False,431,3,0,72.29999995231628,,0.09999990463256836
315,2025-12-14,63,unconfigured,False,859,16,0,66.20000004768372,,0.09999990463256836
315,2025-12-15,17,stop_bar+tm,True,792,157,0,165.59999990463257,,0.09999990463256836
315,2025-12-15,18,stop_bar+tm,True,1691,1194,0,176.39999985694885,,0.09999990463256836
315,2025-12-15,19,stop_bar+tm,True,1757,1227,0,144.70000004768372,,0.09999990463256836
315,2025-12-15,20,stop_bar+tm,True,2118,1508,0,143.40000009536743,,0.09999990463256836
315,2025-12-15,21,tm,True,340,98,0,224.79999995231628,,0.09999990463256836
315,2025-12-15,22,stop_bar+tm,True,944,88,0,2.3999998569488525,,0.09999990463256836
315,2025-12-15,23,stop_bar+tm,True,638,147,0,1.6000001430511475,,0.09999990463256836
315,2025-12-15,24,tm,True,457,81,0,3.3000001907348633,,0.09999990463256836
315,2025-12-15,25,stop_bar+tm,True,1371,399,0,2.5,,0.09999990463256836
315,2025-12-15,26,stop_bar+tm,True,2030,1722,0,2.700000047683716,,0.09999990463256836
315,2025-12-15,27,stop_bar+tm,True,2127,1807,0,1.7000000476837158,,0.09999990463256836
315,2025-12-15,28,stop_bar+tm,True,1054,877,0,9.900000095367432,,0.20000004768371582
315,2025-12-15,29,tm,True,926,317,0,2.799999952316284,,0.09999990463256836
315,2025-12-15,30,stop_bar+tm,True,607,149,0,1.0999999046325684,,0.09999990463256836
315,2025-12-15,31,stop_bar+tm,True,613,158,0,1.5,,1.0999999046325684
315,2025-12-15,32,tm,True,1113,39,0,6.299999952316284,,0.09999990463256836
315,2025-12-15,33,unconfigured,False,718,13,0,165.20000004768372,,0.09999990463256836
315,2025-12-15,34,occupancy,True,1946,8,0,176.09999990463257,,0.09999990463256836
315,2025-12-15,35,occupancy,True,2068,8,0,144.79999995231628,,0.09999990463256836
315,2025-12-15,36,occupancy,True,2432,25,0,146.09999990463257,,0.09999990463256836
315,2025-12-15,37,unconfigured,False,6929,33,0,136.29999995231628,,0.09999990463256836
315,2025-12-15,38,arrival,True,2288,25,0,191.0,,0.09999990463256836
315,2025-12-15,39,arrival,True,2383,36,0,170.70000004768372,,0.09999990463256836
315,2025-12-15,40,arrival,True,2627,185,0,141.29999995231628,,0.09999990463256836
315,2025-12-15,41,unconfigured,False,667,57,0,131.09999990463257,,0.09999990463256836
315,2025-12-15,42,unconfigured,False,894,3,0,320.2000000476837,,0.09999990463256836
315,2025-12-15,43,unconfigured,False,928,15,0,132.09999990463257,,0.09999990463256836
315,2025-12-15,44,unconfigured,False,793,23,0,90.59999990463257,,0.09999990463256836
315,2025-12-15,47,unconfigured,False,486,19,0,123.0,,0.09999990463256836
315,2025-12-15,49,unconfigured,False,1087,17,0,86.09999990463257,,0.09999990463256836
315,2025-12-15,50,occupancy,True,2751,12,0,66.0,,0.09999990463256836
315,2025-12-15,51,occupancy,True,2938,6,0,63.09999990463257,,0.09999990463256836
315,2025-12-15,52,occupancy,True,1436,3,0,60.799999952316284,,0.09999990463256836
315,2025-12-15,53,unconfigured,False,7440,44,0,3.200000047683716,,0.09999990463256836
315,2025-12-15,54,arrival,True,2989,40,0,1.6000001430511475,,0.09999990463256836
315,2025-12-15,55,arrival,True,3457,38,0,1.7000000476837158,,0.09999990463256836
315,2025-12-15,56,arrival,True,1929,113,0,5.400000095367432,,0.09999990463256836
315,2025-12-15,57,unconfigured,False,850,2,0,49.09999990463257,,0.09999990463256836
315,2025-12-15,58,unconfigured,False,461,0,0,133.79999995231628,,0.09999990463256836
315,2025-12-15,59,unconfigured,False,469,1,0,168.29999995231628,,0.09999990463256836
315,2025-12-15,60,unconfigured,False,509,8,0,132.09999990463257,,0.09999990463256836
315,2025-12-15,63,unconfigured,False,993,13,0,70.60000014305115,,0.09999990463256836
315,2025-12-16,17,stop_bar+tm,True,752,169,0,4.0,,0.09999990463256836
315,2025-12-16,18,stop_bar+tm,True,1778,1192,0,51.40000009536743,,0.10000014305114746
315,2025-12-16,19,stop_bar+tm,True,1944,1372,0,1.0999999046325684,,0.09999990463256836
315,2025-12-16,20,stop_bar+tm,True,2465,1751,0,1.7000000476837158,,0.09999990463256836
315,2025-12-16,21,tm,True,379,103,0,6.400000095367432,,0.20000004768371582
315,2025-12-16,22,stop_bar+tm,True,939,75,0,8.700000047683716,,0.09999990463256836
315,2025-12-16,23,stop_bar+tm,True,686,122,0,2.3000001907348633,,0.10000014305114746
315,2025-12-16,24,tm,True,488,54,0,4.799999952316284,,0.09999990463256836
315,2025-12-16,25,stop_bar+tm,True,1447,433,0,7.699999809265137,,0.09999990463256836
315,2025-12-16,26,stop_bar+tm,True,2207,1856,0,74.5,,0.09999990463256836
315,2025-12-16,27,stop_bar+tm,True,2392,1998,0,38.89999985694885,,0.09999990463256836
315,2025-12-16,28,stop_bar+tm,True,1197,988,0,63.5,,0.10000014305114746
315,2025-12-16,29,tm,True,958,293,0,2.5,,0.09999990463256836
315,2025-12-16,30,stop_bar+tm,True,603,157,0,262.7000000476837,,0.10000014305114746
315,2025-12-16,31,stop_bar+tm,True,630,194,0,2.799999952316284,,0.40000009536743164
315,2025-12-16,32,tm,True,1137,64,0,54.0,,0.09999990463256836
315,2025-12-16,33,unconfigured,False,738,11,0,106.09999990463257,,0.09999990463256836
315,2025-12-16,34,occupancy,True,2030,18,0,76.90000009536743,,0.09999990463256836
315,2025-12-16,35,occupancy,True,2262,11,0,71.5,,0.09999990463256836
315,2025-12-16,36,occupancy,True,2643,41,0,67.60000014305115,,0.09999990463256836
315,2025-12-16,37,unconfigured,False,7612,35,0,5.5,,0.09999990463256836
315,2025-12-16,38,arrival,True,2393,28,0,1.9000000953674316,,0.09999990463256836
315,2025-12-16,39,arrival,True,2575,43,0,1.7000000476837158,,0.09999990463256836
315,2025-12-16,40,arrival,True,3006,246,0,2.0,,0.09999990463256836
315,2025-12-16,41,unconfigured,False,793,69,0,44.700000047683716,,0.09999990463256836
315,2025-12-16,42,unconfigured,False,898,2,0,193.89999985694885,,0.09999990463256836
315,2025-12-16,43,unconfigured,False,938,7,0,197.0,,0.09999990463256836
315,2025-12-16,44,unconfigured,False,839,15,0,143.09999990463257,,0.09999990463256836
315,2025-12-16,47,unconfigured,False,570,25,0,102.89999985694885,,0.09999990463256836
315,2025-12-16,49,unconfigured,False,1105,13,0,91.90000009536743,,0.09999990463256836
315,2025-12-16,50,occupancy,True,2874,10,0,62.69999980926514,,0.09999990463256836
315,2025-12-16,51,occupancy,True,3141,2,0,57.799999952316284,,0.09999990463256836
315,2025-12-16,52,occupancy,True,1552,3,0,69.20000004768372,,0.09999990463256836
315,2025-12-16,53,unconfigured,False,8088,36,0,6.200000047683716,,0.09999990463256836
315,2025-12-16,54,arrival,True,3079,53,0,10.700000047683716,,0.09999990463256836
315,2025-12-16,55,arrival,True,3866,47,0,2.0999999046325684,,0.09999990463256836
315,2025-12-16,56,arrival,True,2111,108,0,1.2999999523162842,,0.09999990463256836
315,2025-12-16,57,unconfigured,False,896,2,0,44.799999952316284,,0.09999990463256836
315,2025-12-16,58,unconfigured,False,495,4,0,254.0,,0.09999990463256836
315,2025-12-16,59,unconfigured,False,507,2,0,165.79999995231628,,0.09999990463256836
315,2025-12-16,60,unconfigured,False,512,7,0,87.09999990463257,,0.09999990463256836
315,2025-12-16,63,unconfigured,False,1018,18,0,85.09999990463257,,0.09999990463256836
315,2025-12-17,17,stop_bar+tm,True,807,164,0,3.0999999046325684,,0.09999990463256836
315,2025-12-17,18,stop_bar+tm,True,1784,1213,0,2.299999952316284,,0.09999990463256836
315,2025-12-17,19,stop_bar+tm,True,1947,1362,0,57.30000019073486,,0.09999990463256836
315,2025-12-17,20,stop_bar+tm,True,2307,1601,0,84.0,,0.09999990463256836
315,2025-12-17,21,tm,True,372,107,0,437.2000000476837,,0.09999990463256836
315,2025-12-17,22,stop_bar+tm,True,1005,85,0,2.5,,0.09999990463256836
315,2025-12-17,23,stop_bar+tm,True,687,169,0,1.3999998569488525,,0.5
315,2025-12-17,24,tm,True,840,84,0,5.1000001430511475,,0.09999990463256836
315,2025-12-17,25,stop_bar+tm,True,1500,455,0,2.5,,0.09999990463256836
315,2025-12-17,26,stop_bar+tm,True,2186,1850,0,50.90000009536743,,0.09999990463256836
315,2025-12-17,27,stop_bar+tm,True,2467,2072,0,132.70000004768372,,0.09999990463256836
315,2025-12-17,28,stop_bar+tm,True,1125,924,0,2.9000000953674316,,0.09999990463256836
315,2025-12-17,29,tm,True,1002,346,0,4.299999952316284,,0.20000004768371582
315,2025-12-17,30,stop_bar+tm,True,661,163,0,3.0,,0.10000014305114746
315,2025-12-17,31,stop_bar+tm,True,628,186,0,1.1000001430511475,,0.5
315,2025-12-17,32,tm,True,1252,60,0,13.200000047683716,,0.09999990463256836
315,2025-12-17,33,unconfigured,False,739,20,0,108.0,,0.09999990463256836
315,2025-12-17,34,occupancy,True,2065,9,0,64.5,,0.09999990463256836
315,2025-12-17,35,occupancy,True,2245,7,0,82.19999980926514,,0.09999990463256836
315,2025-12-17,36,occupancy,True,2475,33,0,71.10000014305115,,0.09999990463256836
315,2025-12-17,37,unconfigured,False,7360,38,0,9.299999952316284,,0.09999990463256836
315,2025-12-17,38,arrival,True,2440,37,0,6.799999952316284,,0.09999990463256836
315,2025-12-17,39,arrival,True,2524,37,0,2.0,,0.09999990463256836
315,2025-12-17,40,arrival,True,2806,184,0,40.40000009536743,,0.09999990463256836
315,2025-12-17,41,unconfigured,False,686,57,0,55.30000019073486,,0.09999990463256836
315,2025-12-17,42,unconfigured,False,998,6,0,181.09999990463257,,0.09999990463256836
315,2025-12-17,43,unconfigured,False,1038,14,0,194.0,,0.09999990463256836
315,2025-12-17,44,unconfigured,False,584,6,0,96.19999980926514,,0.09999990463256836
315,2025-12-17,47,unconfigured,False,758,7,0,72.29999995231628,,0.09999990463256836
315,2025-12-17,49,unconfigured,False,1096,16,0,79.29999995231628,,0.09999990463256836
315,2025-12-17,50,occupancy,True,2951,19,0,56.299999952316284,,0.09999990463256836
315,2025-12-17,51,occupancy,True,3162,1,0,57.40000009536743,,0.09999990463256836
315,2025-12-17,52,occupancy,True,1482,2,0,50.89999985694885,,0.09999990463256836
315,2025-12-17,53,unconfigured,False,7976,51,0,7.700000047683716,,0.09999990463256836
315,2025-12-17,54,arrival,True,3142,47,0,1.5,,0.09999990463256836
315,2025-12-17,55,arrival,True,3778,80,0,4.0,,0.09999990463256836
315,2025-12-17,56,arrival,True,1857,107,0,1.2999999523162842,,0.09999990463256836
315,2025-12-17,57,unconfigured,False,936,1,0,32.90000009536743,,0.09999990463256836
315,2025-12-17,58,unconfigured,False,481,4,0,176.5,,0.09999990463256836
315,2025-12-17,59,unconfigured,False,476,2,0,164.20000004768372,,0.09999990463256836
315,2025-12-17,60,unconfigured,False,564,12,0,159.79999995231628,,0.09999990463256836
315,2025-12-17,63,unconfigured,False,1113,8,0,73.0,,0.09999990463256836
315,2026-01-08,17,stop_bar+tm,True,1342,309,0,2.6999998092651367,,0.09999990463256836
315,2026-01-08,18,stop_bar+tm,True,2091,1507,0,44.200000047683716,,0.10000014305114746
315,2026-01-08,19,stop_bar+tm,True,2093,1494,0,27.699999809265137,,0.09999990463256836
315,2026-01-08,20,stop_bar+tm,True,2234,1602,0,12.900000095367432,,0.09999990463256836
315,2026-01-08,21,tm,True,436,121,0,3.5,,0.09999990463256836
315,2026-01-08,22,stop_bar+tm,True,1019,68,0,2.799999952316284,,0.09999990463256836
315,2026-01-08,23,stop_bar+tm,True,589,131,0,539.1000001430511,,0.20000004768371582
315,2026-01-08,24,tm,True,1781,111,0,5.099999904632568,,0.09999990463256836
315,2026-01-08,25,stop_bar+tm,True,1437,438,0,3.700000047683716,,0.09999990463256836
315,2026-01-08,26,stop_bar+tm,True,2495,2034,0,24.799999952316284,,0.09999990463256836
315,2026-01-08,27,stop_bar+tm,True,2580,2138,0,4.699999809265137,,0.09999990463256836
315,2026-01-08,28,stop_bar+tm,True,1288,985,0,110.0,,0.09999990463256836
315,2026-01-08,29,tm,True,1021,302,0,2.9000000953674316,,0.09999990463256836
315,2026-01-08,30,stop_bar+tm,True,786,256,0,58.30000019073486,,0.09999990463256836
315,2026-01-08,31,stop_bar+tm,True,557,166,0,81.09999990463257,,1.3000001907348633
315,2026-01-08,32,tm,True,1232,61,0,9.900000095367432,,0.09999990463256836
315,2026-01-08,33,unconfigured,False,1071,21,0,151.89999985694885,,0.09999990463256836
315,2026-01-08,34,occupancy,True,2349,13,0,74.20000004768372,,0.09999990463256836
315,2026-01-08,35,occupancy,True,2437,4,0,84.5,,0.09999990463256836
315,2026-01-08,36,occupancy,True,2455,30,0,74.69999980926514,,0.09999990463256836
315,2026-01-08,37,unconfigured,False,7889,39,0,4.700000047683716,,0.09999990463256836
315,2026-01-08,38,arrival,True,2800,50,0,4.800000190734863,,0.09999990463256836
315,2026-01-08,39,arrival,True,2791,56,0,16.399999856948853,,0.09999990463256836
315,2026-01-08,40,arrival,True,2828,208,0,2.0999999046325684,,0.09999990463256836
315,2026-01-08,41,unconfigured,False,742,36,0,133.90000009536743,,0.09999990463256836
315,2026-01-08,42,unconfigured,False,993,5,0,175.0,,0.09999990463256836
315,2026-01-08,43,unconfigured,False,1049,13,0,213.5,,0.09999990463256836
315,2026-01-08,44,unconfigured,False,540,13,0,87.90000009536743,,0.09999990463256836
315,2026-01-08,47,unconfigured,False,1502,13,0,77.80000019073486,,0.09999990463256836
315,2026-01-08,49,unconfigured,False,1065,26,0,74.70000004768372,,0.09999990463256836
315,2026-01-08,50,occupancy,True,2796,15,0,65.59999990463257,,0.09999990463256836
315,2026-01-08,51,occupancy,True,2936,4,0,68.40000009536743,,0.09999990463256836
315,2026-01-08,52,occupancy,True,1447,6,0,59.59999990463257,,0.09999990463256836
315,2026-01-08,53,unconfigured,False,8240,41,0,5.299999952316284,,0.09999990463256836
315,2026-01-08,54,arrival,True,3260,48,0,63.5,,0.09999990463256836
315,2026-01-08,55,arrival,True,3929,59,0,2.299999952316284,,0.09999990463256836
315,2026-01-08,56,arrival,True,2062,128,0,1.5999999046325684,,0.09999990463256836
315,2026-01-08,57,unconfigured,False,903,1,0,42.0,,0.09999990463256836
315,2026-01-08,58,unconfigured,False,534,8,0,178.5,,0.09999990463256836
315,2026-01-08,59,unconfigured,False,526,5,0,114.79999995231628,,0.09999990463256836
315,2026-01-08,60,unconfigured,False,500,10,0,219.09999990463257,,0.09999990463256836
315,2026-01-08,63,unconfigured,False,1070,14,0,77.70000004768372,,0.09999990463256836
315,2026-01-09,17,stop_bar+tm,True,1364,298,0,95.19999980926514,,0.09999990463256836
315,2026-01-09,18,stop_bar+tm,True,2239,1554,0,77.79999995231628,,0.09999990463256836
315,2026-01-09,19,stop_bar+tm,True,2291,1636,0,75.5,,0.10000014305114746
315,2026-01-09,20,stop_bar+tm,True,2496,1722,0,161.29999995231628,,0.09999990463256836
315,2026-01-09,21,tm,True,466,127,0,2.0,,0.09999990463256836
315,2026-01-09,22,stop_bar+tm,True,1034,85,0,1.7000000476837158,,0.09999990463256836
315,2026-01-09,23,stop_bar+tm,True,521,133,0,2.3000001907348633,,0.10000014305114746
315,2026-01-09,24,tm,True,1378,96,0,18.799999952316284,,0.09999990463256836
315,2026-01-09,25,stop_bar+tm,True,1568,472,0,88.0,,0.09999990463256836
315,2026-01-09,26,stop_bar+tm,True,2583,2152,0,57.60000014305115,,0.09999990463256836
315,2026-01-09,27,stop_bar+tm,True,2641,2199,0,11.400000095367432,,0.09999990463256836
315,2026-01-09,28,stop_bar+tm,True,1304,1036,0,2.0999999046325684,,0.20000004768371582
315,2026-01-09,29,tm,True,956,286,0,3.200000047683716,,0.09999990463256836
315,2026-01-09,30,stop_bar+tm,True,733,239,0,1.3000001907348633,,0.10000014305114746
315,2026-01-09,31,stop_bar+tm,True,575,164,0,3.1999998092651367,,0.09999990463256836
315,2026-01-09,32,tm,True,1296,50,0,4.299999952316284,,0.09999990463256836
315,2026-01-09,33,unconfigured,False,1071,20,0,155.30000019073486,,0.09999990463256836
315,2026-01-09,34,occupancy,True,2446,12,0,65.29999995231628,,0.09999990463256836
315,2026-01-09,35,occupancy,True,2633,10,0,63.799999952316284,,0.09999990463256836
315,2026-01-09,36,occupancy,True,2712,41,0,66.90000009536743,,0.09999990463256836
315,2026-01-09,37,unconfigured,False,8489,46,0,5.599999904632568,,0.09999990463256836
315,2026-01-09,38,arrival,True,3023,63,0,3.1999998092651367,,0.09999990463256836
315,2026-01-09,39,arrival,True,3078,46,0,1.7999999523162842,,0.09999990463256836
315,2026-01-09,40,arrival,True,2959,205,0,49.700000047683716,,0.09999990463256836
315,2026-01-09,41,unconfigured,False,889,57,0,70.89999985694885,,0.09999990463256836
315,2026-01-09,42,unconfigured,False,996,3,0,201.90000009536743,,0.09999990463256836
315,2026-01-09,43,unconfigured,False,1045,19,0,184.79999995231628,,0.09999990463256836
315,2026-01-09,44,unconfigured,False,483,13,0,86.89999985694885,,0.09999990463256836
315,2026-01-09,47,unconfigured,False,1186,8,0,79.79999995231628,,0.09999990463256836
315,2026-01-09,49,unconfigured,False,1078,19,0,121.5,,0.09999990463256836
315,2026-01-09,50,occupancy,True,3036,8,0,60.0,,0.09999990463256836
315,2026-01-09,51,occupancy,True,3105,2,0,62.59999990463257,,0.09999990463256836
315,2026-01-09,52,occupancy,True,1579,2,0,52.5,,0.09999990463256836
315,2026-01-09,53,unconfigured,False,8609,45,0,5.5,,0.09999990463256836
315,2026-01-09,54,arrival,True,3488,59,0,2.200000047683716,,0.09999990463256836
315,2026-01-09,55,arrival,True,3958,51,0,3.1000001430511475,,0.09999990463256836
315,2026-01-09,56,arrival,True,2197,106,0,1.4000000953674316,,0.09999990463256836
315,2026-01-09,57,unconfigured,False,885,3,0,35.59999990463257,,0.09999990463256836
315,2026-01-09,58,unconfigured,False,503,5,0,191.59999990463257,,0.09999990463256836
315,2026-01-09,59,unconfigured,False,503,4,0,190.60000014305115,,0.09999990463256836
315,2026-01-09,60,unconfigured,False,518,5,0,173.89999985694885,,0.09999990463256836
315,2026-01-09,63,unconfigured,False,1108,16,0,84.90000009536743,,0.09999990463256836
315,2026-01-10,17,stop_bar+tm,True,968,217,0,80.0,,0.09999990463256836
315,2026-01-10,18,stop_bar+tm,True,1591,1042,0,66.29999995231628,,0.09999990463256836
315,2026-01-10,19,stop_bar+tm,True,1625,1058,0,66.80000019073486,,0.09999990463256836
315,2026-01-10,20,stop_bar+tm,True,1961,1314,0,137.70000004768372,,0.09999990463256836
315,2026-01-10,21,tm,True,336,83,0,40.700000047683716,,0.20000004768371582
315,2026-01-10,22,stop_bar+tm,True,848,104,0,40.700000047683716,,0.09999990463256836
315,2026-01-10,23,stop_bar+tm,True,448,92,0,40.700000047683716,,0.5999999046325684
315,2026-01-10,24,tm,True,953,67,0,332.7000000476837,,0.09999990463256836
315,2026-01-10,25,stop_bar+tm,True,1396,445,0,40.5,,0.09999990463256836
315,2026-01-10,26,stop_bar+tm,True,1978,1569,0,40.5,,0.09999990463256836
315,2026-01-10,27,stop_bar+tm,True,1804,1475,0,40.5,,0.09999990463256836
315,2026-01-10,28,stop_bar+tm,True,1092,816,0,40.5,,0.09999990463256836
315,2026-01-10,29,tm,True,811,251,0,40.5,,0.09999990463256836
315,2026-01-10,30,stop_bar+tm,True,625,244,0,40.5,,1.2000000476837158
315,2026-01-10,31,stop_bar+tm,True,496,105,0,155.5,,0.09999990463256836
315,2026-01-10,32,tm,True,1181,48,0,40.5,,0.09999990463256836
315,2026-01-10,33,unconfigured,False,918,14,0,97.40000009536743,,0.09999990463256836
315,2026-01-10,34,occupancy,True,1797,3,0,70.40000009536743,,0.09999990463256836
315,2026-01-10,35,occupancy,True,1864,2,0,74.60000014305115,,0.09999990463256836
315,2026-01-10,36,occupancy,True,2109,16,0,75.5,,0.09999990463256836
315,2026-01-10,37,unconfigured,False,6264,26,0,40.5,,0.09999990463256836
315,2026-01-10,38,arrival,True,2144,28,0,40.5,,0.09999990463256836
315,2026-01-10,39,arrival,True,2120,26,0,40.5,,0.09999990463256836
315,2026-01-10,40,arrival,True,2346,165,0,45.5,,0.09999990463256836
315,2026-01-10,41,unconfigured,False,531,30,0,41.200000047683716,,0.09999990463256836
315,2026-01-10,42,unconfigured,False,855,2,0,62.799999952316284,,0.09999990463256836
315,2026-01-10,43,unconfigured,False,912,11,0,56.10000014305115,,0.09999990463256836
315,2026-01-10,44,unconfigured,False,432,8,0,81.20000004768372,,0.09999990463256836
315,2026-01-10,47,unconfigured,False,823,11,0,50.10000014305115,,0.09999990463256836
315,2026-01-10,49,unconfigured,False,1075,9,0,84.19999980926514,,0.09999990463256836
315,2026-01-10,50,occupancy,True,2193,5,0,76.59999990463257,,0.09999990463256836
315,2026-01-10,51,occupancy,True,2239,0,0,70.39999985694885,,0.09999990463256836
315,2026-01-10,52,occupancy,True,1214,2,0,79.10000014305115,,0.09999990463256836
315,2026-01-10,53,unconfigured,False,6358,33,0,40.59999990463257,,0.09999990463256836
315,2026-01-10,54,arrival,True,2598,31,0,40.59999990463257,,0.09999990463256836
315,2026-01-10,55,arrival,True,2761,34,0,40.59999990463257,,0.09999990463256836
315,2026-01-10,56,arrival,True,1729,104,0,140.0,,0.09999990463256836
315,2026-01-10,57,unconfigured,False,750,4,0,43.799999952316284,,0.09999990463256836
315,2026-01-10,58,unconfigured,False,416,11,0,78.29999995231628,,0.09999990463256836
315,2026-01-10,59,unconfigured,False,545,32,0,59.5,,0.09999990463256836
315,2026-01-10,60,unconfigured,False,446,8,0,94.20000004768372,,0.09999990463256836
315,2026-01-10,63,unconfigured,False,1007,17,0,76.20000004768372,,0.09999990463256836
315,2026-01-11,17,stop_bar+tm,True,767,188,0,37.10000014305115,,0.09999990463256836
315,2026-01-11,18,stop_bar+tm,True,1214,788,0,37.10000014305115,,0.09999990463256836
315,2026-01-11,19,stop_bar+tm,True,1260,831,0,167.79999995231628,,0.09999990463256836
315,2026-01-11,20,stop_bar+tm,True,1496,962,0,96.10000014305115,,0.20000004768371582
315,2026-01-11,21,tm,True,339,81,0,37.10000014305115,,0.09999990463256836
315,2026-01-11,22,stop_bar+tm,True,651,70,0,37.10000014305115,,0.09999990463256836
315,2026-01-11,23,stop_bar+tm,True,444,82,0,37.10000014305115,,0.39999985694885254
315,2026-01-11,24,tm,True,768,38,0,37.10000014305115,,0.09999990463256836
315,2026-01-11,25,stop_bar+tm,True,1198,390,0,36.90000009536743,,0.09999990463256836
315,2026-01-11,26,stop_bar+tm,True,1383,1103,0,36.90000009536743,,0.10000014305114746
315,2026-01-11,27,stop_bar+tm,True,1368,1086,0,36.90000009536743,,0.19999980926513672
315,2026-01-11,28,stop_bar+tm,True,791,608,0,36.90000009536743,,0.20000004768371582
315,2026-01-11,29,tm,True,619,180,0,36.90000009536743,,0.09999990463256836
315,2026-01-11,30,stop_bar+tm,True,605,238,0,36.90000009536743,,0.09999990463256836
315,2026-01-11,31,stop_bar+tm,True,450,113,0,1464.0999999046326,,0.09999990463256836
315,2026-01-11,32,tm,True,1001,43,0,36.90000009536743,,0.09999990463256836
315,2026-01-11,33,unconfigured,False,774,7,0,81.29999995231628,,0.09999990463256836
315,2026-01-11,34,occupancy,True,1417,3,0,63.5,,0.09999990463256836
315,2026-01-11,35,occupancy,True,1498,2,0,58.5,,0.09999990463256836
315,2026-01-11,36,occupancy,True,1672,12,0,75.70000004768372,,0.09999990463256836
315,2026-01-11,37,unconfigured,False,4906,22,0,36.90000009536743,,0.09999990463256836
315,2026-01-11,38,arrival,True,1640,24,0,36.90000009536743,,0.09999990463256836
315,2026-01-11,39,arrival,True,1681,15,0,36.90000009536743,,0.09999990463256836
315,2026-01-11,40,arrival,True,1853,101,0,69.59999990463257,,0.09999990463256836
315,2026-01-11,41,unconfigured,False,461,23,0,59.5,,0.09999990463256836
315,2026-01-11,42,unconfigured,False,650,1,0,57.59999990463257,,0.09999990463256836
315,2026-01-11,43,unconfigured,False,692,13,0,39.80000019073486,,0.09999990463256836
315,2026-01-11,44,unconfigured,False,407,2,0,75.59999990463257,,0.09999990463256836
315,2026-01-11,47,unconfigured,False,690,7,0,37.0,,0.09999990463256836
315,2026-01-11,49,unconfigured,False,978,4,0,146.59999990463257,,0.09999990463256836
315,2026-01-11,50,occupancy,True,1647,5,0,75.79999995231628,,0.09999990463256836
315,2026-01-11,51,occupancy,True,1797,0,0,76.0,,0.09999990463256836
315,2026-01-11,52,occupancy,True,1000,0,0,79.09999990463257,,0.09999990463256836
315,2026-01-11,53,unconfigured,False,4806,26,0,37.0,,0.09999990463256836
315,2026-01-11,54,arrival,True,1875,20,0,37.0,,0.09999990463256836
315,2026-01-11,55,arrival,True,2072,22,0,37.0,,0.09999990463256836
315,2026-01-11,56,arrival,True,1324,70,0,37.0,,0.10000014305114746
315,2026-01-11,57,unconfigured,False,570,0,0,37.0,,0.09999990463256836
315,2026-01-11,58,unconfigured,False,386,5,0,60.40000009536743,,0.09999990463256836
315,2026-01-11,59,unconfigured,False,559,38,0,61.60000014305115,,0.09999990463256836
315,2026-01-11,60,unconfigured,False,437,3,0,65.0,,0.09999990463256836
315,2026-01-11,63,unconfigured,False,875,9,0,57.60000014305115,,0.09999990463256836
701,2026-02-24,1,unconfigured,False,5101,23,0,57.89999985694885,,0.09999990463256836
701,2026-02-24,2,pairs,True,1413,17,0,470.80000019073486,,0.09999990463256836
701,2026-02-24,3,pairs,True,1348,10,0,314.2000000476837,,0.09999990463256836
701,2026-02-24,4,pairs,True,793,9,0,264.5,,0.09999990463256836
701,2026-02-24,5,unconfigured,False,3025,10,0,100.09999990463257,,0.09999990463256836
701,2026-02-24,6,pairs,True,2833,8,0,130.5,,0.09999990463256836
701,2026-02-24,7,pairs,True,1106,4,0,464.59999990463257,,0.09999990463256836
701,2026-02-24,8,unconfigured,False,1,0,0,59.19999980926514,,
701,2026-02-24,17,unconfigured,False,2565,19,0,362.89999985694885,,0.09999990463256836
701,2026-02-24,18,pairs,True,1249,12,0,296.90000009536743,,0.09999990463256836
701,2026-02-24,19,pairs,True,1011,5,0,459.89999985694885,,0.09999990463256836
701,2026-02-24,20,pairs,True,1195,14,0,494.10000014305115,,0.09999990463256836
701,2026-02-24,21,pairs,True,1693,32,0,235.20000004768372,,0.09999990463256836
701,2026-02-24,22,pairs,True,441,3,0,193.0,,0.09999990463256836
701,2026-02-24,33,pairs,True,710,0,0,836.2000000476837,,0.2999999523162842
701,2026-02-24,34,pairs,True,1432,0,0,124.69999980926514,,0.2999999523162842
701,2026-02-24,35,unconfigured,False,1726,0,0,132.70000004768372,,0.2999999523162842
701,2026-02-24,36,arrival,True,4706,0,0,26.40000009536743,,0.2999999523162842
701,2026-02-24,37,tm,True,4368,0,0,1.2999999523162842,,0.2999999523162842
701,2026-02-24,38,tm,True,2747,0,0,1.0,,0.2999999523162842
701,2026-02-24,39,tm,True,2946,0,0,1.2999999523162842,,0.2999999523162842
701,2026-02-24,40,tm,True,489,0,0,1.0,,0.2999999523162842
701,2026-02-24,41,pairs,True,3084,0,0,265.59999990463257,,0.2999999523162842
701,2026-02-24,42,pairs,True,1073,0,0,930.7000000476837,,0.2999999523162842
701,2026-02-24,43,pairs,True,906,0,0,158.29999995231628,,0.2999999523162842
701,2026-02-24,44,arrival,True,6574,0,0,50.700000047683716,,0.20000004768371582
701,2026-02-24,45,tm,True,736,0,0,2.0,,1.2000000476837158
701,2026-02-24,46,tm,True,3234,0,0,1.0,,0.2999999523162842
701,2026-02-24,47,tm,True,2302,0,0,1.0,,0.2999999523162842
701,2026-02-24,48,tm,True,5186,0,0,2.6999998092651367,,0.2999999523162842
701,2026-02-24,49,pairs,True,1837,0,0,978.5,,0.2999999523162842
701,2026-02-24,50,pairs,True,968,0,0,509.39999985694885,,0.2999999523162842
701,2026-02-24,51,pairs,True,910,0,0,181.0,,0.20000004768371582
701,2026-02-24,52,unconfigured,False,1877,0,0,363.7000000476837,,0.20000004768371582
701,2026-02-24,53,arrival,True,11142,0,0,87.30000019073486,,0.19999980926513672
701,2026-02-24,54,tm,True,2175,0,0,6.400000095367432,,0.3000001907348633
701,2026-02-24,55,tm,True,2954,0,0,6.400000095367432,,0.8999998569488525
701,2026-02-24,56,tm,True,1803,0,0,6.400000095367432,,0.2999999523162842
701,2026-02-24,57,tm,True,130,0,0,6.400000095367432,,0.39999985694885254
701,2026-02-24,58,tm,True,4437,0,0,6.400000095367432,,0.2999999523162842
701,2026-02-24,59,pairs,True,546,0,0,144.70000004768372,,0.2999999523162842
701,2026-02-24,60,pairs,True,788,0,0,790.2999999523163,,0.2999999523162842
701,2026-02-24,61,arrival,True,3018,0,0,110.09999990463257,,0.20000004768371582
701,2026-02-24,62,tm,True,537,0,0,0.9000000953674316,,1.0
701,2026-02-24,63,tm,True,1835,0,0,1.2999999523162842,,0.2999999523162842
701,2026-02-24,64,unconfigured,False,568,0,0,1.0,,0.2999999523162842
701,2026-02-25,1,unconfigured,False,5407,12,0,71.29999995231628,,0.09999990463256836
701,2026-02-25,2,pairs,True,1438,12,0,602.5,,0.09999990463256836
701,2026-02-25,3,pairs,True,1914,13,0,205.0,,0.09999990463256836
701,2026-02-25,4,pairs,True,931,17,0,135.59999990463257,,0.09999990463256836
701,2026-02-25,5,unconfigured,False,3562,18,0,94.09999990463257,,0.09999990463256836
701,2026-02-25,6,pairs,True,3119,6,0,124.90000009536743,,0.09999990463256836
701,2026-02-25,7,pairs,True,1512,4,0,338.0,,0.09999990463256836
701,2026-02-25,8,unconfigured,False,0,0,0,,,
701,2026-02-25,17,unconfigured,False,2221,10,0,582.5,,0.09999990463256836
701,2026-02-25,18,pairs,True,1020,6,0,463.60000014305115,,0.09999990463256836
701,2026-02-25,19,pairs,True,933,6,0,508.2999999523163,,0.09999990463256836
701,2026-02-25,20,pairs,True,886,5,0,453.5,,0.09999990463256836
701,2026-02-25,21,pairs,True,1641,21,0,292.7000000476837,,0.09999990463256836
701,2026-02-25,22,pairs,True,492,6,0,142.59999990463257,,0.09999990463256836
701,2026-02-25,33,pairs,True,679,0,0,1129.9000000953674,,0.2999999523162842
701,2026-02-25,34,pairs,True,1404,0,0,133.0,,0.2999999523162842
701,2026-02-25,35,unconfigured,False,1698,0,0,227.5,,0.2999999523162842
701,2026-02-25,36,arrival,True,5510,0,0,20.700000047683716,,0.20000004768371582
701,2026-02-25,37,tm,True,4559,0,0,2.700000047683716,,0.5999999046325684
701,2026-02-25,38,tm,True,2877,0,0,0.9000000953674316,,0.2999999523162842
701,2026-02-25,39,tm,True,3047,0,0,1.0,,0.2999999523162842
701,2026-02-25,40,tm,True,540,0,0,0.7000000476837158,,1.5999999046325684
701,2026-02-25,41,pairs,True,2284,0,0,163.29999995231628,,0.2999999523162842
701,2026-02-25,42,pairs,True,1007,0,0,637.7999999523163,,0.2999999523162842
701,2026-02-25,43,pairs,True,937,0,0,313.40000009536743,,0.20000004768371582
701,2026-02-25,44,arrival,True,7001,0,0,83.10000014305115,,0.2999999523162842
701,2026-02-25,45,tm,True,746,0,0,5.0,,0.2999999523162842
701,2026-02-25,46,tm,True,3349,0,0,1.3000001907348633,,0.2999999523162842
701,2026-02-25,47,tm,True,2514,0,0,1.2999999523162842,,0.2999999523162842
701,2026-02-25,48,tm,True,5535,0,0,11.0,,0.2999999523162842
701,2026-02-25,49,pairs,True,1762,0,0,454.40000009536743,,0.2999999523162842
701,2026-02-25,50,pairs,True,921,0,0,484.59999990463257,,0.20000004768371582
701,2026-02-25,51,pairs,True,909,0,0,329.2999999523163,,0.20000004768371582
701,2026-02-25,52,unconfigured,False,1912,0,0,193.29999995231628,,0.2999999523162842
701,2026-02-25,53,arrival,True,11518,0,0,91.70000004768372,,0.19999980926513672
701,2026-02-25,54,tm,True,2345,0,0,12.700000047683716,,0.2999999523162842
701,2026-02-25,55,tm,True,3105,0,0,12.700000047683716,,0.6000001430511475
701,2026-02-25,56,tm,True,1959,0,0,12.700000047683716,,0.2999999523162842
701,2026-02-25,57,tm,True,145,0,0,12.700000047683716,,0.7000000476837158
701,2026-02-25,58,tm,True,4641,0,0,12.700000047683716,,0.09999990463256836
701,2026-02-25,59,pairs,True,568,0,0,145.5,,0.2999999523162842
701,2026-02-25,60,pairs,True,772,0,0,605.0999999046326,,0.2999999523162842
701,2026-02-25,61,arrival,True,3317,0,0,57.299999952316284,,0.20000004768371582
701,2026-02-25,62,tm,True,588,0,0,0.8000001907348633,,0.6000001430511475
701,2026-02-25,63,tm,True,2000,0,0,0.7999999523162842,,0.2999999523162842
701,2026-02-25,64,unconfigured,False,621,0,0,0.7000000476837158,,1.0
701,2026-02-26,1,unconfigured,False,5529,9,0,83.40000009536743,,0.09999990463256836
701,2026-02-26,2,pairs,True,1699,18,0,255.10000014305115,,0.09999990463256836
701,2026-02-26,3,pairs,True,2445,24,0,183.79999995231628,,0.09999990463256836
701,2026-02-26,4,pairs,True,995,23,0,131.10000014305115,,0.09999990463256836
701,2026-02-26,5,unconfigured,False,3784,31,0,100.70000004768372,,0.09999990463256836
701,2026-02-26,6,pairs,True,3252,16,0,255.29999995231628,,0.09999990463256836
701,2026-02-26,7,pairs,True,1475,19,0,278.0,,0.09999990463256836
701,2026-02-26,8,unconfigured,False,0,0,0,,,
701,2026-02-26,17,unconfigured,False,2518,49,0,266.09999990463257,,0.09999990463256836
701,2026-02-26,18,pairs,True,1428,27,0,172.89999985694885,,0.09999990463256836
701,2026-02-26,19,pairs,True,1099,12,0,599.1000001430511,,0.09999990463256836
701,2026-02-26,20,pairs,True,1091,19,0,579.0,,0.09999990463256836
701,2026-02-26,21,pairs,True,1491,16,0,287.40000009536743,,0.09999990463256836
701,2026-02-26,22,pairs,True,662,15,0,142.09999990463257,,0.09999990463256836
701,2026-02-26,33,pairs,True,688,0,0,925.0,,0.2999999523162842
701,2026-02-26,34,pairs,True,1500,0,0,152.89999985694885,,0.20000004768371582
701,2026-02-26,35,unconfigured,False,1724,0,0,142.70000004768372,,0.2999999523162842
701,2026-02-26,36,arrival,True,5870,0,0,20.399999856948853,,0.2999999523162842
701,2026-02-26,37,tm,True,4492,0,0,1.7000000476837158,,0.5999999046325684
701,2026-02-26,38,tm,True,3025,1,0,1.2999999523162842,,0.2999999523162842
701,2026-02-26,39,tm,True,3256,0,0,1.0,,0.2999999523162842
701,2026-02-26,40,tm,True,516,0,0,0.8000001907348633,,0.2999999523162842
701,2026-02-26,41,pairs,True,1596,0,0,131.0,,0.2999999523162842
701,2026-02-26,42,pairs,True,1064,0,0,590.5,,0.2999999523162842
701,2026-02-26,43,pairs,True,953,0,0,164.29999995231628,,0.2999999523162842
701,2026-02-26,44,arrival,True,6495,0,0,77.70000004768372,,0.19999980926513672
701,2026-02-26,45,tm,True,762,0,0,1.0,,1.0
701,2026-02-26,46,tm,True,3616,0,0,1.0,,0.19999980926513672
701,2026-02-26,47,tm,True,2581,0,0,1.7000000476837158,,0.2999999523162842
701,2026-02-26,48,tm,True,5598,0,0,7.599999904632568,,0.2999999523162842
701,2026-02-26,49,pairs,True,1817,0,0,635.1000001430511,,0.2999999523162842
701,2026-02-26,50,pairs,True,959,0,0,665.1000001430511,,0.2999999523162842
701,2026-02-26,51,pairs,True,880,0,0,165.90000009536743,,0.19999980926513672
701,2026-02-26,52,unconfigured,False,1901,0,0,293.09999990463257,,0.20000004768371582
701,2026-02-26,53,arrival,True,10856,1,0,108.70000004768372,,0.19999980926513672
701,2026-02-26,54,tm,True,2418,2,0,1.0,,0.6999998092651367
701,2026-02-26,55,tm,True,3092,0,0,1.0,,0.2999999523162842
701,2026-02-26,56,tm,True,2017,0,0,1.0,,0.3000001907348633
701,2026-02-26,57,tm,True,125,0,0,1.0,,0.2999999523162842
701,2026-02-26,58,tm,True,4548,0,0,2.700000047683716,,0.20000004768371582
701,2026-02-26,59,pairs,True,550,0,0,152.89999985694885,,0.2999999523162842
701,2026-02-26,60,pairs,True,809,0,0,805.8999998569489,,0.2999999523162842
701,2026-02-26,61,arrival,True,3231,0,0,107.29999995231628,,0.2999999523162842
701,2026-02-26,62,tm,True,574,0,0,6.3999998569488525,,0.7000000476837158
701,2026-02-26,63,tm,True,2008,0,0,6.3999998569488525,,0.5999999046325684
701,2026-02-26,64,unconfigured,False,625,0,0,6.3999998569488525,,1.2999999523162842
701,2026-02-27,1,unconfigured,False,5838,16,0,42.40000009536743,,0.09999990463256836
701,2026-02-27,2,pairs,True,1558,17,0,156.69999980926514,,0.09999990463256836
701,2026-02-27,3,pairs,True,2406,23,0,187.90000009536743,,0.09999990463256836
701,2026-02-27,4,pairs,True,1231,35,0,151.20000004768372,,0.09999990463256836
701,2026-02-27,5,unconfigured,False,3853,32,0,95.90000009536743,,0.09999990463256836
701,2026-02-27,6,pairs,True,3279,22,0,134.80000019073486,,0.09999990463256836
701,2026-02-27,7,pairs,True,1440,8,0,428.60000014305115,,0.09999990463256836
701,2026-02-27,8,unconfigured,False,0,0,0,,,
701,2026-02-27,17,unconfigured,False,2441,49,0,450.2000000476837,,0.09999990463256836
701,2026-02-27,18,pairs,True,1529,19,0,159.90000009536743,,0.09999990463256836
701,2026-02-27,19,pairs,True,1157,12,0,611.0999999046326,,0.09999990463256836
701,2026-02-27,20,pairs,True,1092,18,0,342.2999999523163,,0.09999990463256836
701,2026-02-27,21,pairs,True,1556,13,0,160.70000004768372,,0.09999990463256836
701,2026-02-27,22,pairs,True,689,17,0,146.70000004768372,,0.09999990463256836
701,2026-02-27,33,pairs,True,680,0,0,1156.5,,0.2999999523162842
701,2026-02-27,34,pairs,True,1487,0,0,128.70000004768372,,0.2999999523162842
701,2026-02-27,35,unconfigured,False,1750,0,0,151.79999995231628,,0.2999999523162842
701,2026-02-27,36,arrival,True,5832,0,0,16.0,,0.20000004768371582
701,2026-02-27,37,tm,True,4680,0,0,6.300000190734863,,0.2999999523162842
701,2026-02-27,38,tm,True,2991,0,0,6.300000190734863,,0.2999999523162842
701,2026-02-27,39,tm,True,3269,0,0,6.300000190734863,,0.2999999523162842
701,2026-02-27,40,tm,True,550,0,0,6.300000190734863,,0.5999999046325684
701,2026-02-27,41,pairs,True,1512,0,0,141.89999985694885,,0.2999999523162842
701,2026-02-27,42,pairs,True,1052,0,0,812.5,,0.2999999523162842
701,2026-02-27,43,pairs,True,1035,0,0,306.2999999523163,,0.2999999523162842
701,2026-02-27,44,arrival,True,6493,0,0,61.10000014305115,,0.2999999523162842
701,2026-02-27,45,tm,True,762,0,0,7.599999904632568,,1.2999999523162842
701,2026-02-27,46,tm,True,3654,0,0,1.0,,0.2999999523162842
701,2026-02-27,47,tm,True,2604,0,0,1.2999999523162842,,0.2999999523162842
701,2026-02-27,48,tm,True,5893,0,0,8.399999856948853,,0.2999999523162842
701,2026-02-27,49,pairs,True,1694,0,0,639.3000001907349,,0.2999999523162842
701,2026-02-27,50,pairs,True,955,0,0,639.0,,0.19999980926513672
701,2026-02-27,51,pairs,True,890,0,0,307.7000000476837,,0.2999999523162842
701,2026-02-27,52,unconfigured,False,1809,0,0,450.89999985694885,,0.2999999523162842
701,2026-02-27,53,arrival,True,11453,0,0,110.0,,0.20000004768371582
701,2026-02-27,54,tm,True,2518,0,0,1.0,,0.2999999523162842
701,2026-02-27,55,tm,True,3261,0,0,1.2000000476837158,,0.2999999523162842
701,2026-02-27,56,tm,True,2079,0,0,1.2000000476837158,,0.2999999523162842
701,2026-02-27,57,tm,True,118,0,0,0.7000000476837158,,0.39999985694885254
701,2026-02-27,58,tm,True,4708,0,0,1.5999999046325684,,0.2999999523162842
701,2026-02-27,59,pairs,True,586,0,0,149.5,,0.2999999523162842
701,2026-02-27,60,pairs,True,783,0,0,953.7000000476837,,0.2999999523162842
701,2026-02-27,61,arrival,True,3421,0,0,102.0,,0.2999999523162842
701,2026-02-27,62,tm,True,577,0,0,1.0,,1.0
701,2026-02-27,63,tm,True,2175,0,0,0.7000000476837158,,0.6999998092651367
701,2026-02-27,64,unconfigured,False,603,0,0,0.7000000476837158,,1.2999999523162842
701,2026-02-28,1,unconfigured,False,4610,6,0,35.0,,0.09999990463256836
701,2026-02-28,2,pairs,True,1200,20,0,712.4000000953674,,0.09999990463256836
701,2026-02-28,3,pairs,True,1576,6,0,150.10000014305115,,0.09999990463256836
701,2026-02-28,4,pairs,True,577,3,0,119.89999985694885,,0.09999990463256836
701,2026-02-28,5,unconfigured,False,2719,11,0,95.59999990463257,,0.09999990463256836
701,2026-02-28,6,pairs,True,2734,12,0,112.29999995231628,,0.09999990463256836
701,2026-02-28,7,pairs,True,1383,3,0,230.40000009536743,,0.09999990463256836
701,2026-02-28,8,unconfigured,False,0,0,0,,,
701,2026-02-28,17,unconfigured,False,2196,24,0,144.5,,0.09999990463256836
701,2026-02-28,18,pairs,True,948,12,0,144.70000004768372,,0.09999990463256836
701,2026-02-28,19,pairs,True,1058,5,0,246.39999985694885,,0.09999990463256836
701,2026-02-28,20,pairs,True,890,6,0,152.90000009536743,,0.09999990463256836
701,2026-02-28,21,pairs,True,1289,14,0,150.40000009536743,,0.09999990463256836
701,2026-02-28,22,pairs,True,422,4,0,130.60000014305115,,0.09999990463256836
701,2026-02-28,33,pairs,True,816,0,0,453.7000000476837,,0.20000004768371582
701,2026-02-28,34,pairs,True,1234,0,0,231.5,,0.2999999523162842
701,2026-02-28,35,unconfigured,False,1578,0,0,231.5,,0.20000004768371582
701,2026-02-28,36,arrival,True,4492,0,0,231.5,,0.20000004768371582
701,2026-02-28,37,tm,True,3557,0,0,231.5,,0.2999999523162842
701,2026-02-28,38,tm,True,1999,0,0,231.5,,0.2999999523162842
701,2026-02-28,39,tm,True,2385,0,0,231.5,,0.2999999523162842
701,2026-02-28,40,tm,True,359,0,0,231.5,,1.0
701,2026-02-28,41,pairs,True,1899,0,0,231.60000014305115,,0.2999999523162842
701,2026-02-28,42,pairs,True,1032,0,0,453.10000014305115,,0.2999999523162842
701,2026-02-28,43,pairs,True,804,0,0,326.10000014305115,,0.2999999523162842
701,2026-02-28,44,arrival,True,6347,0,0,238.70000004768372,,0.20000004768371582
701,2026-02-28,45,tm,True,558,0,0,231.60000014305115,,0.7000000476837158
701,2026-02-28,46,tm,True,2603,0,0,231.60000014305115,,0.2999999523162842
701,2026-02-28,47,tm,True,1698,0,0,231.60000014305115,,0.2999999523162842
701,2026-02-28,48,tm,True,4607,0,0,231.60000014305115,,0.2999999523162842
701,2026-02-28,49,pairs,True,1930,0,0,271.40000009536743,,0.2999999523162842
701,2026-02-28,50,pairs,True,1003,0,0,404.59999990463257,,0.2999999523162842
701,2026-02-28,51,pairs,True,812,0,0,230.5,,0.2999999523162842
701,2026-02-28,52,unconfigured,False,1828,0,0,247.0,,0.2999999523162842
701,2026-02-28,53,arrival,True,9370,0,0,230.5,,0.20000004768371582
701,2026-02-28,54,tm,True,1914,0,0,230.5,,0.2999999523162842
701,2026-02-28,55,tm,True,2698,0,0,230.5,,0.5999999046325684
701,2026-02-28,56,tm,True,1611,0,0,230.5,,0.7000000476837158
701,2026-02-28,57,tm,True,76,0,0,230.5,,1.0
701,2026-02-28,58,tm,True,3560,0,0,238.40000009536743,,0.2999999523162842
701,2026-02-28,59,pairs,True,432,0,0,231.5,,0.20000004768371582
701,2026-02-28,60,pairs,True,780,0,0,329.2999999523163,,0.2999999523162842
701,2026-02-28,61,arrival,True,2477,0,0,231.5,,0.2999999523162842
701,2026-02-28,62,tm,True,434,0,0,231.5,,1.0
701,2026-02-28,63,tm,True,1659,0,0,231.5,,0.2999999523162842
701,2026-02-28,64,unconfigured,False,457,0,0,231.5,,0.5999999046325684
701,2026-06-13,1,unconfigured,False,0,0,0,,,
701,2026-06-13,2,pairs,True,0,0,0,,,
701,2026-06-13,3,pairs,True,0,0,0,,,
701,2026-06-13,4,pairs,True,0,0,0,,,
701,2026-06-13,5,unconfigured,False,0,0,0,,,
701,2026-06-13,6,pairs,True,0,0,0,,,
701,2026-06-13,7,pairs,True,0,0,0,,,
701,2026-06-13,8,unconfigured,False,0,0,0,,,
701,2026-06-13,17,unconfigured,False,0,0,0,,,
701,2026-06-13,18,pairs,True,0,0,0,,,
701,2026-06-13,19,pairs,True,0,0,0,,,
701,2026-06-13,20,pairs,True,0,0,0,,,
701,2026-06-13,21,pairs,True,0,0,0,,,
701,2026-06-13,22,pairs,True,0,0,0,,,
701,2026-06-13,33,pairs,True,1357,62,0,137.20000004768372,,0.09999990463256836
701,2026-06-13,34,pairs,True,1195,4,0,141.70000004768372,,0.09999990463256836
701,2026-06-13,35,unconfigured,False,988,3,0,135.0,,0.09999990463256836
701,2026-06-13,36,arrival,True,3950,105,0,72.40000009536743,,0.09999990463256836
701,2026-06-13,37,tm,True,2100,332,0,54.59999990463257,,0.2999999523162842
701,2026-06-13,38,tm,True,1448,229,0,54.59999990463257,,0.09999990463256836
701,2026-06-13,39,tm,True,1159,218,0,54.59999990463257,,0.19999980926513672
701,2026-06-13,40,tm,True,427,9,0,54.59999990463257,,0.10000014305114746
701,2026-06-13,41,pairs,True,488,2,0,121.40000009536743,,0.20000004768371582
701,2026-06-13,42,pairs,True,1748,14,0,143.5,,0.09999990463256836
701,2026-06-13,43,pairs,True,909,5,0,133.5,,0.09999990463256836
701,2026-06-13,44,arrival,True,563,28,0,54.59999990463257,,0.09999990463256836
701,2026-06-13,45,tm,True,574,37,0,54.59999990463257,,0.20000004768371582
701,2026-06-13,46,tm,True,3056,333,0,54.59999990463257,,0.09999990463256836
701,2026-06-13,47,tm,True,1430,118,0,54.59999990463257,,0.09999990463256836
701,2026-06-13,48,tm,True,3873,568,0,54.59999990463257,,0.09999990463256836
701,2026-06-13,49,pairs,True,1230,2,0,149.5,,0.09999990463256836
701,2026-06-13,50,pairs,True,1524,3,0,102.5,,0.09999990463256836
701,2026-06-13,51,pairs,True,2104,3,0,102.20000004768372,,0.09999990463256836
701,2026-06-13,52,unconfigured,False,6031,365,0,54.59999990463257,,0.09999990463256836
701,2026-06-13,53,arrival,True,2342,181,0,54.59999990463257,,0.09999990463256836
701,2026-06-13,54,tm,True,4382,648,0,54.59999990463257,,0.09999990463256836
701,2026-06-13,55,tm,True,711,138,0,54.59999990463257,,0.09999990463256836
701,2026-06-13,56,tm,True,114,14,0,54.59999990463257,,0.19999980926513672
701,2026-06-13,57,tm,True,1,0,0,54.59999990463257,,
701,2026-06-13,58,tm,True,1,0,0,54.59999990463257,,
701,2026-06-13,59,pairs,True,393,3,0,128.30000019073486,,0.19999980926513672
701,2026-06-13,60,pairs,True,1028,2,0,297.89999985694885,,0.09999990463256836
701,2026-06-13,61,arrival,True,2581,54,0,88.60000014305115,,0.09999990463256836
701,2026-06-13,62,tm,True,197,26,0,54.59999990463257,,0.40000009536743164
701,2026-06-13,63,tm,True,4375,429,0,54.59999990463257,,0.09999990463256836
701,2026-06-13,64,unconfigured,False,3185,409,0,54.59999990463257,,0.09999990463256836
701,2026-06-14,1,unconfigured,False,0,0,0,,,
701,2026-06-14,2,pairs,True,0,0,0,,,
701,2026-06-14,3,pairs,True,0,0,0,,,
701,2026-06-14,4,pairs,True,0,0,0,,,
701,2026-06-14,5,unconfigured,False,0,0,0,,,
701,2026-06-14,6,pairs,True,0,0,0,,,
701,2026-06-14,7,pairs,True,0,0,0,,,
701,2026-06-14,8,unconfigured,False,0,0,0,,,
701,2026-06-14,17,unconfigured,False,0,0,0,,,
701,2026-06-14,18,pairs,True,0,0,0,,,
701,2026-06-14,19,pairs,True,0,0,0,,,
701,2026-06-14,20,pairs,True,0,0,0,,,
701,2026-06-14,21,pairs,True,0,0,0,,,
701,2026-06-14,22,pairs,True,0,0,0,,,
701,2026-06-14,33,pairs,True,1241,44,0,130.0,,0.09999990463256836
701,2026-06-14,34,pairs,True,1163,5,0,181.0,,0.09999990463256836
701,2026-06-14,35,unconfigured,False,983,2,0,129.20000004768372,,0.09999990463256836
701,2026-06-14,36,arrival,True,3338,83,0,90.29999995231628,,0.09999990463256836
701,2026-06-14,37,tm,True,2118,303,0,90.29999995231628,,0.20000004768371582
701,2026-06-14,38,tm,True,1136,194,0,90.29999995231628,,0.09999990463256836
701,2026-06-14,39,tm,True,1021,168,0,90.29999995231628,,0.09999990463256836
701,2026-06-14,40,tm,True,331,4,0,90.29999995231628,,0.20000004768371582
701,2026-06-14,41,pairs,True,433,2,0,96.79999995231628,,0.09999990463256836
701,2026-06-14,42,pairs,True,1751,12,0,146.40000009536743,,0.09999990463256836
701,2026-06-14,43,pairs,True,826,6,0,134.5,,0.09999990463256836
701,2026-06-14,44,arrival,True,632,34,0,96.79999995231628,,0.09999990463256836
701,2026-06-14,45,tm,True,473,19,0,96.79999995231628,,0.20000004768371582
701,2026-06-14,46,tm,True,2940,340,0,96.79999995231628,,0.09999990463256836
701,2026-06-14,47,tm,True,1289,108,0,96.79999995231628,,0.09999990463256836
701,2026-06-14,48,tm,True,3452,538,0,96.79999995231628,,0.09999990463256836
701,2026-06-14,49,pairs,True,1184,2,0,273.09999990463257,,0.09999990463256836
701,2026-06-14,50,pairs,True,1346,6,0,99.5,,0.10000014305114746
701,2026-06-14,51,pairs,True,1834,2,0,102.79999995231628,,0.09999990463256836
701,2026-06-14,52,unconfigured,False,5125,330,0,90.29999995231628,,0.09999990463256836
701,2026-06-14,53,arrival,True,2105,138,0,90.29999995231628,,0.09999990463256836
701,2026-06-14,54,tm,True,4091,616,0,90.29999995231628,,0.09999990463256836
701,2026-06-14,55,tm,True,693,132,0,90.29999995231628,,0.10000014305114746
701,2026-06-14,56,tm,True,118,15,0,90.29999995231628,,0.10000014305114746
701,2026-06-14,57,tm,True,4,0,0,90.29999995231628,,0.40000009536743164
701,2026-06-14,58,tm,True,4,0,0,90.29999995231628,,0.40000009536743164
701,2026-06-14,59,pairs,True,328,5,0,144.40000009536743,,0.09999990463256836
701,2026-06-14,60,pairs,True,949,2,0,154.90000009536743,,0.09999990463256836
701,2026-06-14,61,arrival,True,2119,58,0,97.09999990463257,,0.09999990463256836
701,2026-06-14,62,tm,True,161,23,0,97.09999990463257,,0.2999999523162842
701,2026-06-14,63,tm,True,3801,448,0,97.09999990463257,,0.09999990463256836
701,2026-06-14,64,unconfigured,False,2597,371,0,97.09999990463257,,0.09999990463256836
701,2026-06-15,1,unconfigured,False,0,0,0,,,
701,2026-06-15,2,pairs,True,0,0,0,,,
701,2026-06-15,3,pairs,True,0,0,0,,,
701,2026-06-15,4,pairs,True,0,0,0,,,
701,2026-06-15,5,unconfigured,False,0,0,0,,,
701,2026-06-15,6,pairs,True,0,0,0,,,
701,2026-06-15,7,pairs,True,0,0,0,,,
701,2026-06-15,8,unconfigured,False,0,0,0,,,
701,2026-06-15,17,unconfigured,False,0,0,0,,,
701,2026-06-15,18,pairs,True,0,0,0,,,
701,2026-06-15,19,pairs,True,0,0,0,,,
701,2026-06-15,20,pairs,True,0,0,0,,,
701,2026-06-15,21,pairs,True,0,0,0,,,
701,2026-06-15,22,pairs,True,0,0,0,,,
701,2026-06-15,33,pairs,True,1330,57,0,162.39999985694885,,0.09999990463256836
701,2026-06-15,34,pairs,True,1223,7,0,289.7000000476837,,0.09999990463256836
701,2026-06-15,35,unconfigured,False,1265,6,0,321.7999999523163,,0.09999990463256836
701,2026-06-15,36,arrival,True,5725,179,0,125.29999995231628,,0.09999990463256836
701,2026-06-15,37,tm,True,2388,374,0,67.20000004768372,,0.09999990463256836
701,2026-06-15,38,tm,True,1745,335,0,67.20000004768372,,0.19999980926513672
701,2026-06-15,39,tm,True,1271,242,0,67.20000004768372,,0.09999990463256836
701,2026-06-15,40,tm,True,610,17,0,67.20000004768372,,0.09999990463256836
701,2026-06-15,41,pairs,True,601,6,0,145.30000019073486,,0.09999990463256836
701,2026-06-15,42,pairs,True,1912,12,0,154.5,,0.09999990463256836
701,2026-06-15,43,pairs,True,585,4,0,144.39999985694885,,0.09999990463256836
701,2026-06-15,44,arrival,True,1011,50,0,105.80000019073486,,0.09999990463256836
701,2026-06-15,45,tm,True,771,43,0,73.90000009536743,,0.09999990463256836
701,2026-06-15,46,tm,True,3654,467,0,73.90000009536743,,0.09999990463256836
701,2026-06-15,47,tm,True,937,80,0,73.90000009536743,,0.09999990463256836
701,2026-06-15,48,tm,True,3813,529,0,73.90000009536743,,0.09999990463256836
701,2026-06-15,49,pairs,True,1228,1,0,326.0,,0.09999990463256836
701,2026-06-15,50,pairs,True,1672,12,0,118.09999990463257,,0.09999990463256836
701,2026-06-15,51,pairs,True,2302,7,0,131.79999995231628,,0.09999990463256836
701,2026-06-15,52,unconfigured,False,6976,445,0,67.20000004768372,,0.09999990463256836
701,2026-06-15,53,arrival,True,2665,211,0,67.20000004768372,,0.09999990463256836
701,2026-06-15,54,tm,True,4905,729,0,67.20000004768372,,0.09999990463256836
701,2026-06-15,55,tm,True,1205,217,0,67.20000004768372,,0.09999990463256836
701,2026-06-15,56,tm,True,575,70,0,67.20000004768372,,0.09999990463256836
701,2026-06-15,57,tm,True,2,0,0,67.20000004768372,,0.40000009536743164
701,2026-06-15,58,tm,True,2,0,0,67.20000004768372,,0.40000009536743164
701,2026-06-15,59,pairs,True,524,3,0,141.90000009536743,,0.19999980926513672
701,2026-06-15,60,pairs,True,1148,1,0,402.39999985694885,,0.09999990463256836
701,2026-06-15,61,arrival,True,3245,100,0,127.0,,0.09999990463256836
701,2026-06-15,62,tm,True,289,37,0,74.20000004768372,,0.10000014305114746
701,2026-06-15,63,tm,True,5322,638,0,74.20000004768372,,0.09999990463256836
701,2026-06-15,64,unconfigured,False,3972,518,0,74.20000004768372,,0.09999990463256836
701,2026-06-16,1,unconfigured,False,0,0,0,,,
701,2026-06-16,2,pairs,True,0,0,0,,,
701,2026-06-16,3,pairs,True,0,0,0,,,
701,2026-06-16,4,pairs,True,0,0,0,,,
701,2026-06-16,5,unconfigured,False,0,0,0,,,
701,2026-06-16,6,pairs,True,0,0,0,,,
701,2026-06-16,7,pairs,True,0,0,0,,,
701,2026-06-16,8,unconfigured,False,0,0,0,,,
701,2026-06-16,17,unconfigured,False,0,0,0,,,
701,2026-06-16,18,pairs,True,0,0,0,,,
701,2026-06-16,19,pairs,True,0,0,0,,,
701,2026-06-16,20,pairs,True,0,0,0,,,
701,2026-06-16,21,pairs,True,0,0,0,,,
701,2026-06-16,22,pairs,True,0,0,0,,,
701,2026-06-16,33,pairs,True,1307,40,1,152.20000004768372,45.299999952316284,0.09999990463256836
701,2026-06-16,34,pairs,True,1309,5,1,163.70000004768372,45.299999952316284,0.09999990463256836
701,2026-06-16,35,unconfigured,False,1293,8,1,592.4000000953674,45.299999952316284,0.09999990463256836
701,2026-06-16,36,arrival,True,5535,116,1,109.90000009536743,45.299999952316284,0.09999990463256836
701,2026-06-16,37,tm,True,2432,255,1,109.90000009536743,45.299999952316284,0.10000014305114746
701,2026-06-16,38,tm,True,1650,224,1,109.90000009536743,45.299999952316284,0.09999990463256836
701,2026-06-16,39,tm,True,1326,183,1,109.90000009536743,45.299999952316284,0.20000004768371582
701,2026-06-16,40,tm,True,642,13,1,109.90000009536743,45.299999952316284,0.09999990463256836
701,2026-06-16,41,pairs,True,544,4,1,132.69999980926514,45.299999952316284,0.09999990463256836
701,2026-06-16,42,pairs,True,1957,16,1,154.59999990463257,45.299999952316284,0.09999990463256836
701,2026-06-16,43,pairs,True,734,5,1,137.29999995231628,45.299999952316284,0.09999990463256836
701,2026-06-16,44,arrival,True,1257,60,1,116.70000004768372,45.299999952316284,0.09999990463256836
701,2026-06-16,45,tm,True,742,31,1,116.70000004768372,45.299999952316284,0.10000014305114746
701,2026-06-16,46,tm,True,3524,391,1,116.70000004768372,45.299999952316284,0.09999990463256836
701,2026-06-16,47,tm,True,1211,72,1,116.70000004768372,45.299999952316284,0.09999990463256836
701,2026-06-16,48,tm,True,3775,381,1,116.70000004768372,45.299999952316284,0.09999990463256836
701,2026-06-16,49,pairs,True,1262,5,1,286.2999999523163,45.299999952316284,0.09999990463256836
701,2026-06-16,50,pairs,True,1633,6,1,124.60000014305115,45.299999952316284,0.09999990463256836
701,2026-06-16,51,pairs,True,2464,11,1,121.20000004768372,45.299999952316284,0.09999990463256836
701,2026-06-16,52,unconfigured,False,7052,309,1,109.90000009536743,45.299999952316284,0.09999990463256836
701,2026-06-16,53,arrival,True,2666,158,1,109.90000009536743,45.299999952316284,0.09999990463256836
701,2026-06-16,54,tm,True,4971,578,1,109.90000009536743,45.299999952316284,0.09999990463256836
701,2026-06-16,55,tm,True,1067,148,1,109.90000009536743,45.299999952316284,0.09999990463256836
701,2026-06-16,56,tm,True,972,75,1,109.90000009536743,45.299999952316284,0.09999990463256836
701,2026-06-16,57,tm,True,2,0,1,109.90000009536743,45.299999952316284,0.40000009536743164
701,2026-06-16,58,tm,True,2,0,1,109.90000009536743,45.299999952316284,0.40000009536743164
701,2026-06-16,59,pairs,True,529,5,1,146.19999980926514,45.299999952316284,0.09999990463256836
701,2026-06-16,60,pairs,True,1100,1,1,316.2000000476837,45.299999952316284,0.09999990463256836
701,2026-06-16,61,arrival,True,3425,63,1,109.90000009536743,45.299999952316284,0.09999990463256836
701,2026-06-16,62,tm,True,239,20,1,109.90000009536743,45.299999952316284,0.19999980926513672
701,2026-06-16,63,tm,True,5259,524,1,109.90000009536743,45.299999952316284,0.09999990463256836
701,2026-06-16,64,unconfigured,False,3950,402,1,109.90000009536743,45.299999952316284,0.09999990463256836
