site,grid,date,window,ts,detector,phase,role,severity,value,threshold,message
201,1,2026-03-18,day,,1,,unconfigured,info,1.0,1.0,1 actuations on an unconfigured channel
201,1,2026-03-18,day,,2,,unconfigured,info,1.0,1.0,1 actuations on an unconfigured channel
201,1,2026-03-18,day,,3,,unconfigured,info,1.0,1.0,1 actuations on an unconfigured channel
201,1,2026-03-18,day,,4,,unconfigured,info,1.0,1.0,1 actuations on an unconfigured channel
201,1,2026-03-18,day,,5,,unconfigured,info,1.0,1.0,1 actuations on an unconfigured channel
201,1,2026-03-18,day,,6,,unconfigured,info,1.0,1.0,1 actuations on an unconfigured channel
201,1,2026-03-18,day,,7,,unconfigured,info,1.0,1.0,1 actuations on an unconfigured channel
201,1,2026-03-18,day,,8,,unconfigured,info,1.0,1.0,1 actuations on an unconfigured channel
201,1,2026-03-18,day,,9,,unconfigured,info,178.0,1.0,178 actuations on an unconfigured channel
201,1,2026-03-18,day,,10,,unconfigured,info,1.0,1.0,1 actuations on an unconfigured channel
201,1,2026-03-18,day,,11,,unconfigured,info,237.0,1.0,237 actuations on an unconfigured channel
201,1,2026-03-18,day,,12,,unconfigured,info,8.0,1.0,8 actuations on an unconfigured channel
201,1,2026-03-18,day,,13,,unconfigured,info,236.0,1.0,236 actuations on an unconfigured channel
201,1,2026-03-18,day,,14,,unconfigured,info,1.0,1.0,1 actuations on an unconfigured channel
201,1,2026-03-18,day,,15,,unconfigured,info,1.0,1.0,1 actuations on an unconfigured channel
201,1,2026-03-18,day,,16,,unconfigured,info,2.0,1.0,2 actuations on an unconfigured channel
201,1,2026-03-18,day,,18,,unconfigured,info,1.0,1.0,1 actuations on an unconfigured channel
201,1,2026-03-18,day,,21,,unconfigured,info,1.0,1.0,1 actuations on an unconfigured channel
201,1,2026-03-18,day,,23,,unconfigured,info,1.0,1.0,1 actuations on an unconfigured channel
201,1,2026-03-18,day,,25,,unconfigured,info,1.0,1.0,1 actuations on an unconfigured channel
201,1,2026-03-18,day,,27,,unconfigured,info,1.0,1.0,1 actuations on an unconfigured channel
201,1,2026-03-18,day,,28,,unconfigured,info,1.0,1.0,1 actuations on an unconfigured channel
201,1,2026-03-18,day,,29,,unconfigured,info,1.0,1.0,1 actuations on an unconfigured channel
201,1,2026-03-18,day,,30,,unconfigured,info,1.0,1.0,1 actuations on an unconfigured channel
201,1,2026-03-18,day,,32,,unconfigured,info,2.0,1.0,2 actuations on an unconfigured channel
201,1,2026-03-18,day,,34,,unconfigured,info,1762.0,1.0,1762 actuations on an unconfigured channel
201,1,2026-03-18,day,,35,,unconfigured,info,882.0,1.0,882 actuations on an unconfigured channel
201,1,2026-03-18,day,,47,,unconfigured,info,2664.0,1.0,2664 actuations on an unconfigured channel
201,1,2026-03-18,day,,48,,unconfigured,info,2473.0,1.0,2473 actuations on an unconfigured channel
201,1,2026-03-18,day,,52,,unconfigured,info,306.0,1.0,306 actuations on an unconfigured channel
201,1,2026-03-18,day,,55,,unconfigured,info,308.0,1.0,308 actuations on an unconfigured channel
201,1,2026-03-19,day,,1,,unconfigured,info,2.0,1.0,2 actuations on an unconfigured channel
201,1,2026-03-19,day,,2,,unconfigured,info,2.0,1.0,2 actuations on an unconfigured channel
201,1,2026-03-19,day,,3,,unconfigured,info,2.0,1.0,2 actuations on an unconfigured channel
201,1,2026-03-19,day,,4,,unconfigured,info,2.0,1.0,2 actuations on an unconfigured channel
201,1,2026-03-19,day,,5,,unconfigured,info,2.0,1.0,2 actuations on an unconfigured channel
201,1,2026-03-19,day,,6,,unconfigured,info,2.0,1.0,2 actuations on an unconfigured channel
201,1,2026-03-19,day,,7,,unconfigured,info,2.0,1.0,2 actuations on an unconfigured channel
201,1,2026-03-19,day,,8,,unconfigured,info,2.0,1.0,2 actuations on an unconfigured channel
201,1,2026-03-19,day,,9,,unconfigured,info,189.0,1.0,189 actuations on an unconfigured channel
201,1,2026-03-19,day,,10,,unconfigured,info,2.0,1.0,2 actuations on an unconfigured channel
201,1,2026-03-19,day,,11,,unconfigured,info,283.0,1.0,283 actuations on an unconfigured channel
201,1,2026-03-19,day,,12,,unconfigured,info,12.0,1.0,12 actuations on an unconfigured channel
201,1,2026-03-19,day,,13,,unconfigured,info,291.0,1.0,291 actuations on an unconfigured channel
201,1,2026-03-19,day,,14,,unconfigured,info,2.0,1.0,2 actuations on an unconfigured channel
201,1,2026-03-19,day,,15,,unconfigured,info,2.0,1.0,2 actuations on an unconfigured channel
201,1,2026-03-19,day,,16,,unconfigured,info,4.0,1.0,4 actuations on an unconfigured channel
201,1,2026-03-19,day,,18,,unconfigured,info,2.0,1.0,2 actuations on an unconfigured channel
201,1,2026-03-19,day,,21,,unconfigured,info,2.0,1.0,2 actuations on an unconfigured channel
201,1,2026-03-19,day,,23,,unconfigured,info,2.0,1.0,2 actuations on an unconfigured channel
201,1,2026-03-19,day,,25,,unconfigured,info,2.0,1.0,2 actuations on an unconfigured channel
201,1,2026-03-19,day,,27,,unconfigured,info,2.0,1.0,2 actuations on an unconfigured channel
201,1,2026-03-19,day,,28,,unconfigured,info,2.0,1.0,2 actuations on an unconfigured channel
201,1,2026-03-19,day,,29,,unconfigured,info,2.0,1.0,2 actuations on an unconfigured channel
201,1,2026-03-19,day,,30,,unconfigured,info,2.0,1.0,2 actuations on an unconfigured channel
201,1,2026-03-19,day,,32,,unconfigured,info,3.0,1.0,3 actuations on an unconfigured channel
201,1,2026-03-19,day,,34,,unconfigured,info,1838.0,1.0,1838 actuations on an unconfigured channel
201,1,2026-03-19,day,,35,,unconfigured,info,950.0,1.0,950 actuations on an unconfigured channel
201,1,2026-03-19,day,,47,,unconfigured,info,3031.0,1.0,3031 actuations on an unconfigured channel
201,1,2026-03-19,day,,48,,unconfigured,info,2766.0,1.0,2766 actuations on an unconfigured channel
201,1,2026-03-19,day,,52,,unconfigured,info,376.0,1.0,376 actuations on an unconfigured channel
201,1,2026-03-19,day,,55,,unconfigured,info,351.0,1.0,351 actuations on an unconfigured channel
201,1,2026-03-20,day,,1,,unconfigured,info,2.0,1.0,2 actuations on an unconfigured channel
201,1,2026-03-20,day,,2,,unconfigured,info,2.0,1.0,2 actuations on an unconfigured channel
201,1,2026-03-20,day,,3,,unconfigured,info,2.0,1.0,2 actuations on an unconfigured channel
201,1,2026-03-20,day,,4,,unconfigured,info,2.0,1.0,2 actuations on an unconfigured channel
201,1,2026-03-20,day,,5,,unconfigured,info,2.0,1.0,2 actuations on an unconfigured channel
201,1,2026-03-20,day,,6,,unconfigured,info,2.0,1.0,2 actuations on an unconfigured channel
201,1,2026-03-20,day,,7,,unconfigured,info,2.0,1.0,2 actuations on an unconfigured channel
201,1,2026-03-20,day,,8,,unconfigured,info,2.0,1.0,2 actuations on an unconfigured channel
201,1,2026-03-20,day,,9,,unconfigured,info,198.0,1.0,198 actuations on an unconfigured channel
201,1,2026-03-20,day,,10,,unconfigured,info,2.0,1.0,2 actuations on an unconfigured channel
201,1,2026-03-20,day,,11,,unconfigured,info,300.0,1.0,300 actuations on an unconfigured channel
201,1,2026-03-20,day,,12,,unconfigured,info,10.0,1.0,10 actuations on an unconfigured channel
201,1,2026-03-20,day,,13,,unconfigured,info,300.0,1.0,300 actuations on an unconfigured channel
201,1,2026-03-20,day,,14,,unconfigured,info,2.0,1.0,2 actuations on an unconfigured channel
201,1,2026-03-20,day,,15,,unconfigured,info,2.0,1.0,2 actuations on an unconfigured channel
201,1,2026-03-20,day,,16,,unconfigured,info,2.0,1.0,2 actuations on an unconfigured channel
201,1,2026-03-20,day,,18,,unconfigured,info,2.0,1.0,2 actuations on an unconfigured channel
201,1,2026-03-20,day,,21,,unconfigured,info,2.0,1.0,2 actuations on an unconfigured channel
201,1,2026-03-20,day,,23,,unconfigured,info,2.0,1.0,2 actuations on an unconfigured channel
201,1,2026-03-20,day,,25,,unconfigured,info,2.0,1.0,2 actuations on an unconfigured channel
201,1,2026-03-20,day,,27,,unconfigured,info,2.0,1.0,2 actuations on an unconfigured channel
201,1,2026-03-20,day,,28,,unconfigured,info,2.0,1.0,2 actuations on an unconfigured channel
201,1,2026-03-20,day,,29,,unconfigured,info,2.0,1.0,2 actuations on an unconfigured channel
201,1,2026-03-20,day,,30,,unconfigured,info,2.0,1.0,2 actuations on an unconfigured channel
201,1,2026-03-20,day,,32,,unconfigured,info,2.0,1.0,2 actuations on an unconfigured channel
201,1,2026-03-20,day,,34,,unconfigured,info,2109.0,1.0,2109 actuations on an unconfigured channel
201,1,2026-03-20,day,,35,,unconfigured,info,1081.0,1.0,1081 actuations on an unconfigured channel
201,1,2026-03-20,day,,47,,unconfigured,info,3706.0,1.0,3706 actuations on an unconfigured channel
201,1,2026-03-20,day,,48,,unconfigured,info,3219.0,1.0,3219 actuations on an unconfigured channel
201,1,2026-03-20,day,,52,,unconfigured,info,437.0,1.0,437 actuations on an unconfigured channel
201,1,2026-03-20,day,,55,,unconfigured,info,424.0,1.0,424 actuations on an unconfigured channel
201,1,2026-03-21,day,,13,,unconfigured,info,1.0,1.0,1 actuations on an unconfigured channel
201,1,2026-03-21,day,,18,,unconfigured,info,1.0,1.0,1 actuations on an unconfigured channel
201,1,2026-03-21,day,,21,,unconfigured,info,1.0,1.0,1 actuations on an unconfigured channel
201,1,2026-03-21,day,,23,,unconfigured,info,1.0,1.0,1 actuations on an unconfigured channel
201,1,2026-03-21,day,,25,,unconfigured,info,1.0,1.0,1 actuations on an unconfigured channel
201,1,2026-03-21,day,,27,,unconfigured,info,1.0,1.0,1 actuations on an unconfigured channel
201,1,2026-03-21,day,,28,,unconfigured,info,1.0,1.0,1 actuations on an unconfigured channel
201,1,2026-03-21,day,,29,,unconfigured,info,1.0,1.0,1 actuations on an unconfigured channel
201,1,2026-03-21,day,,30,,unconfigured,info,1.0,1.0,1 actuations on an unconfigured channel
201,1,2026-03-21,day,,32,,unconfigured,info,1.0,1.0,1 actuations on an unconfigured channel
201,1,2026-03-21,day,,34,,unconfigured,info,2.0,1.0,2 actuations on an unconfigured channel
201,1,2026-03-21,day,,35,,unconfigured,info,1.0,1.0,1 actuations on an unconfigured channel
201,1,2026-03-21,day,,47,,unconfigured,info,4.0,1.0,4 actuations on an unconfigured channel
201,1,2026-03-21,day,,48,,unconfigured,info,2.0,1.0,2 actuations on an unconfigured channel
201,1,2026-03-21,day,,52,,unconfigured,info,2.0,1.0,2 actuations on an unconfigured channel
201,20,2026-03-18,day,,9,,unconfigured,info,178.0,20.0,178 actuations on an unconfigured channel
201,20,2026-03-18,day,,11,,unconfigured,info,237.0,20.0,237 actuations on an unconfigured channel
201,20,2026-03-18,day,,13,,unconfigured,info,236.0,20.0,236 actuations on an unconfigured channel
201,20,2026-03-18,day,,34,,unconfigured,info,1762.0,20.0,1762 actuations on an unconfigured channel
201,20,2026-03-18,day,,35,,unconfigured,info,882.0,20.0,882 actuations on an unconfigured channel
201,20,2026-03-18,day,,47,,unconfigured,info,2664.0,20.0,2664 actuations on an unconfigured channel
201,20,2026-03-18,day,,48,,unconfigured,info,2473.0,20.0,2473 actuations on an unconfigured channel
201,20,2026-03-18,day,,52,,unconfigured,info,306.0,20.0,306 actuations on an unconfigured channel
201,20,2026-03-18,day,,55,,unconfigured,info,308.0,20.0,308 actuations on an unconfigured channel
201,20,2026-03-19,day,,9,,unconfigured,info,189.0,20.0,189 actuations on an unconfigured channel
201,20,2026-03-19,day,,11,,unconfigured,info,283.0,20.0,283 actuations on an unconfigured channel
201,20,2026-03-19,day,,13,,unconfigured,info,291.0,20.0,291 actuations on an unconfigured channel
201,20,2026-03-19,day,,34,,unconfigured,info,1838.0,20.0,1838 actuations on an unconfigured channel
201,20,2026-03-19,day,,35,,unconfigured,info,950.0,20.0,950 actuations on an unconfigured channel
201,20,2026-03-19,day,,47,,unconfigured,info,3031.0,20.0,3031 actuations on an unconfigured channel
201,20,2026-03-19,day,,48,,unconfigured,info,2766.0,20.0,2766 actuations on an unconfigured channel
201,20,2026-03-19,day,,52,,unconfigured,info,376.0,20.0,376 actuations on an unconfigured channel
201,20,2026-03-19,day,,55,,unconfigured,info,351.0,20.0,351 actuations on an unconfigured channel
201,20,2026-03-20,day,,9,,unconfigured,info,198.0,20.0,198 actuations on an unconfigured channel
201,20,2026-03-20,day,,11,,unconfigured,info,300.0,20.0,300 actuations on an unconfigured channel
201,20,2026-03-20,day,,13,,unconfigured,info,300.0,20.0,300 actuations on an unconfigured channel
201,20,2026-03-20,day,,34,,unconfigured,info,2109.0,20.0,2109 actuations on an unconfigured channel
201,20,2026-03-20,day,,35,,unconfigured,info,1081.0,20.0,1081 actuations on an unconfigured channel
201,20,2026-03-20,day,,47,,unconfigured,info,3706.0,20.0,3706 actuations on an unconfigured channel
201,20,2026-03-20,day,,48,,unconfigured,info,3219.0,20.0,3219 actuations on an unconfigured channel
201,20,2026-03-20,day,,52,,unconfigured,info,437.0,20.0,437 actuations on an unconfigured channel
201,20,2026-03-20,day,,55,,unconfigured,info,424.0,20.0,424 actuations on an unconfigured channel
201,100,2026-03-18,day,,9,,unconfigured,info,178.0,100.0,178 actuations on an unconfigured channel
201,100,2026-03-18,day,,11,,unconfigured,info,237.0,100.0,237 actuations on an unconfigured channel
201,100,2026-03-18,day,,13,,unconfigured,info,236.0,100.0,236 actuations on an unconfigured channel
201,100,2026-03-18,day,,34,,unconfigured,info,1762.0,100.0,1762 actuations on an unconfigured channel
201,100,2026-03-18,day,,35,,unconfigured,info,882.0,100.0,882 actuations on an unconfigured channel
201,100,2026-03-18,day,,47,,unconfigured,info,2664.0,100.0,2664 actuations on an unconfigured channel
201,100,2026-03-18,day,,48,,unconfigured,info,2473.0,100.0,2473 actuations on an unconfigured channel
201,100,2026-03-18,day,,52,,unconfigured,info,306.0,100.0,306 actuations on an unconfigured channel
201,100,2026-03-18,day,,55,,unconfigured,info,308.0,100.0,308 actuations on an unconfigured channel
201,100,2026-03-19,day,,9,,unconfigured,info,189.0,100.0,189 actuations on an unconfigured channel
201,100,2026-03-19,day,,11,,unconfigured,info,283.0,100.0,283 actuations on an unconfigured channel
201,100,2026-03-19,day,,13,,unconfigured,info,291.0,100.0,291 actuations on an unconfigured channel
201,100,2026-03-19,day,,34,,unconfigured,info,1838.0,100.0,1838 actuations on an unconfigured channel
201,100,2026-03-19,day,,35,,unconfigured,info,950.0,100.0,950 actuations on an unconfigured channel
201,100,2026-03-19,day,,47,,unconfigured,info,3031.0,100.0,3031 actuations on an unconfigured channel
201,100,2026-03-19,day,,48,,unconfigured,info,2766.0,100.0,2766 actuations on an unconfigured channel
201,100,2026-03-19,day,,52,,unconfigured,info,376.0,100.0,376 actuations on an unconfigured channel
201,100,2026-03-19,day,,55,,unconfigured,info,351.0,100.0,351 actuations on an unconfigured channel
201,100,2026-03-20,day,,9,,unconfigured,info,198.0,100.0,198 actuations on an unconfigured channel
201,100,2026-03-20,day,,11,,unconfigured,info,300.0,100.0,300 actuations on an unconfigured channel
201,100,2026-03-20,day,,13,,unconfigured,info,300.0,100.0,300 actuations on an unconfigured channel
201,100,2026-03-20,day,,34,,unconfigured,info,2109.0,100.0,2109 actuations on an unconfigured channel
201,100,2026-03-20,day,,35,,unconfigured,info,1081.0,100.0,1081 actuations on an unconfigured channel
201,100,2026-03-20,day,,47,,unconfigured,info,3706.0,100.0,3706 actuations on an unconfigured channel
201,100,2026-03-20,day,,48,,unconfigured,info,3219.0,100.0,3219 actuations on an unconfigured channel
201,100,2026-03-20,day,,52,,unconfigured,info,437.0,100.0,437 actuations on an unconfigured channel
201,100,2026-03-20,day,,55,,unconfigured,info,424.0,100.0,424 actuations on an unconfigured channel
201,1,2026-06-19,day,,1,,unconfigured,info,1.0,1.0,1 actuations on an unconfigured channel
201,1,2026-06-19,day,,2,,unconfigured,info,7.0,1.0,7 actuations on an unconfigured channel
201,1,2026-06-19,day,,3,,unconfigured,info,2.0,1.0,2 actuations on an unconfigured channel
201,1,2026-06-19,day,,4,,unconfigured,info,7.0,1.0,7 actuations on an unconfigured channel
201,1,2026-06-19,day,,5,,unconfigured,info,1.0,1.0,1 actuations on an unconfigured channel
201,1,2026-06-19,day,,6,,unconfigured,info,1.0,1.0,1 actuations on an unconfigured channel
201,1,2026-06-19,day,,7,,unconfigured,info,7.0,1.0,7 actuations on an unconfigured channel
201,1,2026-06-19,day,,8,,unconfigured,info,2.0,1.0,2 actuations on an unconfigured channel
201,1,2026-06-19,day,,9,,unconfigured,info,1.0,1.0,1 actuations on an unconfigured channel
201,1,2026-06-19,day,,10,,unconfigured,info,1.0,1.0,1 actuations on an unconfigured channel
201,1,2026-06-19,day,,11,,unconfigured,info,1.0,1.0,1 actuations on an unconfigured channel
201,1,2026-06-19,day,,12,,unconfigured,info,1.0,1.0,1 actuations on an unconfigured channel
201,1,2026-06-19,day,,13,,unconfigured,info,1.0,1.0,1 actuations on an unconfigured channel
201,1,2026-06-19,day,,14,,unconfigured,info,1.0,1.0,1 actuations on an unconfigured channel
201,1,2026-06-19,day,,15,,unconfigured,info,1.0,1.0,1 actuations on an unconfigured channel
201,1,2026-06-19,day,,16,,unconfigured,info,1.0,1.0,1 actuations on an unconfigured channel
201,1,2026-06-19,day,,19,,unconfigured,info,1.0,1.0,1 actuations on an unconfigured channel
201,1,2026-06-19,day,,34,,unconfigured,info,10.0,1.0,10 actuations on an unconfigured channel
201,1,2026-06-19,day,,35,,unconfigured,info,10.0,1.0,10 actuations on an unconfigured channel
201,1,2026-06-19,day,,47,,unconfigured,info,6.0,1.0,6 actuations on an unconfigured channel
201,1,2026-06-19,day,,48,,unconfigured,info,5.0,1.0,5 actuations on an unconfigured channel
201,1,2026-06-20,day,,1,,unconfigured,info,4.0,1.0,4 actuations on an unconfigured channel
201,1,2026-06-20,day,,2,,unconfigured,info,4075.0,1.0,4075 actuations on an unconfigured channel
201,1,2026-06-20,day,,3,,unconfigured,info,442.0,1.0,442 actuations on an unconfigured channel
201,1,2026-06-20,day,,4,,unconfigured,info,695.0,1.0,695 actuations on an unconfigured channel
201,1,2026-06-20,day,,5,,unconfigured,info,4.0,1.0,4 actuations on an unconfigured channel
201,1,2026-06-20,day,,6,,unconfigured,info,4.0,1.0,4 actuations on an unconfigured channel
201,1,2026-06-20,day,,7,,unconfigured,info,1647.0,1.0,1647 actuations on an unconfigured channel
201,1,2026-06-20,day,,8,,unconfigured,info,564.0,1.0,564 actuations on an unconfigured channel
201,1,2026-06-20,day,,9,,unconfigured,info,4.0,1.0,4 actuations on an unconfigured channel
201,1,2026-06-20,day,,10,,unconfigured,info,4.0,1.0,4 actuations on an unconfigured channel
201,1,2026-06-20,day,,11,,unconfigured,info,4.0,1.0,4 actuations on an unconfigured channel
201,1,2026-06-20,day,,12,,unconfigured,info,4.0,1.0,4 actuations on an unconfigured channel
201,1,2026-06-20,day,,13,,unconfigured,info,4.0,1.0,4 actuations on an unconfigured channel
201,1,2026-06-20,day,,14,,unconfigured,info,4.0,1.0,4 actuations on an unconfigured channel
201,1,2026-06-20,day,,15,,unconfigured,info,4.0,1.0,4 actuations on an unconfigured channel
201,1,2026-06-20,day,,16,,unconfigured,info,4.0,1.0,4 actuations on an unconfigured channel
201,1,2026-06-20,day,,19,,unconfigured,info,2151.0,1.0,2151 actuations on an unconfigured channel
201,1,2026-06-20,day,,20,,unconfigured,info,9.0,1.0,9 actuations on an unconfigured channel
201,1,2026-06-20,day,,28,,unconfigured,info,10.0,1.0,10 actuations on an unconfigured channel
201,1,2026-06-20,day,,34,,unconfigured,info,3903.0,1.0,3903 actuations on an unconfigured channel
201,1,2026-06-20,day,,35,,unconfigured,info,3613.0,1.0,3613 actuations on an unconfigured channel
201,1,2026-06-20,day,,47,,unconfigured,info,4983.0,1.0,4983 actuations on an unconfigured channel
201,1,2026-06-20,day,,48,,unconfigured,info,3598.0,1.0,3598 actuations on an unconfigured channel
201,1,2026-06-21,day,,1,,unconfigured,info,1.0,1.0,1 actuations on an unconfigured channel
201,1,2026-06-21,day,,2,,unconfigured,info,3481.0,1.0,3481 actuations on an unconfigured channel
201,1,2026-06-21,day,,3,,unconfigured,info,491.0,1.0,491 actuations on an unconfigured channel
201,1,2026-06-21,day,,4,,unconfigured,info,303.0,1.0,303 actuations on an unconfigured channel
201,1,2026-06-21,day,,5,,unconfigured,info,1.0,1.0,1 actuations on an unconfigured channel
201,1,2026-06-21,day,,6,,unconfigured,info,1.0,1.0,1 actuations on an unconfigured channel
201,1,2026-06-21,day,,7,,unconfigured,info,2355.0,1.0,2355 actuations on an unconfigured channel
201,1,2026-06-21,day,,8,,unconfigured,info,664.0,1.0,664 actuations on an unconfigured channel
201,1,2026-06-21,day,,9,,unconfigured,info,1.0,1.0,1 actuations on an unconfigured channel
201,1,2026-06-21,day,,10,,unconfigured,info,1.0,1.0,1 actuations on an unconfigured channel
201,1,2026-06-21,day,,11,,unconfigured,info,1.0,1.0,1 actuations on an unconfigured channel
201,1,2026-06-21,day,,12,,unconfigured,info,1.0,1.0,1 actuations on an unconfigured channel
201,1,2026-06-21,day,,13,,unconfigured,info,1.0,1.0,1 actuations on an unconfigured channel
201,1,2026-06-21,day,,14,,unconfigured,info,1.0,1.0,1 actuations on an unconfigured channel
201,1,2026-06-21,day,,15,,unconfigured,info,1.0,1.0,1 actuations on an unconfigured channel
201,1,2026-06-21,day,,16,,unconfigured,info,1.0,1.0,1 actuations on an unconfigured channel
201,1,2026-06-21,day,,19,,unconfigured,info,1866.0,1.0,1866 actuations on an unconfigured channel
201,1,2026-06-21,day,,28,,unconfigured,info,41.0,1.0,41 actuations on an unconfigured channel
201,1,2026-06-21,day,,34,,unconfigured,info,7587.0,1.0,7587 actuations on an unconfigured channel
201,1,2026-06-21,day,,35,,unconfigured,info,6991.0,1.0,6991 actuations on an unconfigured channel
201,1,2026-06-21,day,,47,,unconfigured,info,4337.0,1.0,4337 actuations on an unconfigured channel
201,1,2026-06-21,day,,48,,unconfigured,info,2931.0,1.0,2931 actuations on an unconfigured channel
201,1,2026-06-22,day,,1,,unconfigured,info,2.0,1.0,2 actuations on an unconfigured channel
201,1,2026-06-22,day,,2,,unconfigured,info,55.0,1.0,55 actuations on an unconfigured channel
201,1,2026-06-22,day,,3,,unconfigured,info,7.0,1.0,7 actuations on an unconfigured channel
201,1,2026-06-22,day,,4,,unconfigured,info,6.0,1.0,6 actuations on an unconfigured channel
201,1,2026-06-22,day,,5,,unconfigured,info,2.0,1.0,2 actuations on an unconfigured channel
201,1,2026-06-22,day,,6,,unconfigured,info,2.0,1.0,2 actuations on an unconfigured channel
201,1,2026-06-22,day,,7,,unconfigured,info,16.0,1.0,16 actuations on an unconfigured channel
201,1,2026-06-22,day,,8,,unconfigured,info,9.0,1.0,9 actuations on an unconfigured channel
201,1,2026-06-22,day,,9,,unconfigured,info,2.0,1.0,2 actuations on an unconfigured channel
201,1,2026-06-22,day,,10,,unconfigured,info,2.0,1.0,2 actuations on an unconfigured channel
201,1,2026-06-22,day,,11,,unconfigured,info,2.0,1.0,2 actuations on an unconfigured channel
201,1,2026-06-22,day,,12,,unconfigured,info,2.0,1.0,2 actuations on an unconfigured channel
201,1,2026-06-22,day,,13,,unconfigured,info,2.0,1.0,2 actuations on an unconfigured channel
201,1,2026-06-22,day,,14,,unconfigured,info,2.0,1.0,2 actuations on an unconfigured channel
201,1,2026-06-22,day,,15,,unconfigured,info,2.0,1.0,2 actuations on an unconfigured channel
201,1,2026-06-22,day,,16,,unconfigured,info,2.0,1.0,2 actuations on an unconfigured channel
201,1,2026-06-22,day,,19,,unconfigured,info,1719.0,1.0,1719 actuations on an unconfigured channel
201,1,2026-06-22,day,,20,,unconfigured,info,21.0,1.0,21 actuations on an unconfigured channel
201,1,2026-06-22,day,,28,,unconfigured,info,17.0,1.0,17 actuations on an unconfigured channel
201,1,2026-06-22,day,,34,,unconfigured,info,3720.0,1.0,3720 actuations on an unconfigured channel
201,1,2026-06-22,day,,35,,unconfigured,info,3540.0,1.0,3540 actuations on an unconfigured channel
201,1,2026-06-22,day,,47,,unconfigured,info,5002.0,1.0,5002 actuations on an unconfigured channel
201,1,2026-06-22,day,,48,,unconfigured,info,4313.0,1.0,4313 actuations on an unconfigured channel
201,1,2026-06-23,day,,1,,unconfigured,info,2.0,1.0,2 actuations on an unconfigured channel
201,1,2026-06-23,day,,2,,unconfigured,info,2372.0,1.0,2372 actuations on an unconfigured channel
201,1,2026-06-23,day,,3,,unconfigured,info,380.0,1.0,380 actuations on an unconfigured channel
201,1,2026-06-23,day,,4,,unconfigured,info,261.0,1.0,261 actuations on an unconfigured channel
201,1,2026-06-23,day,,5,,unconfigured,info,2.0,1.0,2 actuations on an unconfigured channel
201,1,2026-06-23,day,,6,,unconfigured,info,2.0,1.0,2 actuations on an unconfigured channel
201,1,2026-06-23,day,,7,,unconfigured,info,779.0,1.0,779 actuations on an unconfigured channel
201,1,2026-06-23,day,,8,,unconfigured,info,548.0,1.0,548 actuations on an unconfigured channel
201,1,2026-06-23,day,,9,,unconfigured,info,2.0,1.0,2 actuations on an unconfigured channel
201,1,2026-06-23,day,,10,,unconfigured,info,2.0,1.0,2 actuations on an unconfigured channel
201,1,2026-06-23,day,,11,,unconfigured,info,2.0,1.0,2 actuations on an unconfigured channel
201,1,2026-06-23,day,,12,,unconfigured,info,2.0,1.0,2 actuations on an unconfigured channel
201,1,2026-06-23,day,,13,,unconfigured,info,2.0,1.0,2 actuations on an unconfigured channel
201,1,2026-06-23,day,,14,,unconfigured,info,2.0,1.0,2 actuations on an unconfigured channel
201,1,2026-06-23,day,,15,,unconfigured,info,2.0,1.0,2 actuations on an unconfigured channel
201,1,2026-06-23,day,,16,,unconfigured,info,2.0,1.0,2 actuations on an unconfigured channel
201,1,2026-06-23,day,,19,,unconfigured,info,1294.0,1.0,1294 actuations on an unconfigured channel
201,1,2026-06-23,day,,20,,unconfigured,info,2.0,1.0,2 actuations on an unconfigured channel
201,1,2026-06-23,day,,28,,unconfigured,info,14.0,1.0,14 actuations on an unconfigured channel
201,1,2026-06-23,day,,34,,unconfigured,info,2776.0,1.0,2776 actuations on an unconfigured channel
201,1,2026-06-23,day,,35,,unconfigured,info,2654.0,1.0,2654 actuations on an unconfigured channel
201,1,2026-06-23,day,,47,,unconfigured,info,4079.0,1.0,4079 actuations on an unconfigured channel
201,1,2026-06-23,day,,48,,unconfigured,info,3555.0,1.0,3555 actuations on an unconfigured channel
201,1,2026-06-24,day,,1,,unconfigured,info,1.0,1.0,1 actuations on an unconfigured channel
201,1,2026-06-24,day,,2,,unconfigured,info,3856.0,1.0,3856 actuations on an unconfigured channel
201,1,2026-06-24,day,,3,,unconfigured,info,386.0,1.0,386 actuations on an unconfigured channel
201,1,2026-06-24,day,,4,,unconfigured,info,282.0,1.0,282 actuations on an unconfigured channel
201,1,2026-06-24,day,,5,,unconfigured,info,1.0,1.0,1 actuations on an unconfigured channel
201,1,2026-06-24,day,,6,,unconfigured,info,1.0,1.0,1 actuations on an unconfigured channel
201,1,2026-06-24,day,,7,,unconfigured,info,1130.0,1.0,1130 actuations on an unconfigured channel
201,1,2026-06-24,day,,8,,unconfigured,info,568.0,1.0,568 actuations on an unconfigured channel
201,1,2026-06-24,day,,9,,unconfigured,info,1.0,1.0,1 actuations on an unconfigured channel
201,1,2026-06-24,day,,10,,unconfigured,info,1.0,1.0,1 actuations on an unconfigured channel
201,1,2026-06-24,day,,11,,unconfigured,info,1.0,1.0,1 actuations on an unconfigured channel
201,1,2026-06-24,day,,12,,unconfigured,info,1.0,1.0,1 actuations on an unconfigured channel
201,1,2026-06-24,day,,13,,unconfigured,info,1.0,1.0,1 actuations on an unconfigured channel
201,1,2026-06-24,day,,14,,unconfigured,info,1.0,1.0,1 actuations on an unconfigured channel
201,1,2026-06-24,day,,15,,unconfigured,info,1.0,1.0,1 actuations on an unconfigured channel
201,1,2026-06-24,day,,16,,unconfigured,info,1.0,1.0,1 actuations on an unconfigured channel
201,1,2026-06-24,day,,19,,unconfigured,info,1496.0,1.0,1496 actuations on an unconfigured channel
201,1,2026-06-24,day,,20,,unconfigured,info,5.0,1.0,5 actuations on an unconfigured channel
201,1,2026-06-24,day,,28,,unconfigured,info,8.0,1.0,8 actuations on an unconfigured channel
201,1,2026-06-24,day,,34,,unconfigured,info,3139.0,1.0,3139 actuations on an unconfigured channel
201,1,2026-06-24,day,,35,,unconfigured,info,2996.0,1.0,2996 actuations on an unconfigured channel
201,1,2026-06-24,day,,47,,unconfigured,info,4592.0,1.0,4592 actuations on an unconfigured channel
201,1,2026-06-24,day,,48,,unconfigured,info,3913.0,1.0,3913 actuations on an unconfigured channel
201,1,2026-10-01,day,,2,,unconfigured,info,666.0,1.0,666 actuations on an unconfigured channel
201,1,2026-10-01,day,,3,,unconfigured,info,28.0,1.0,28 actuations on an unconfigured channel
201,1,2026-10-01,day,,4,,unconfigured,info,27.0,1.0,27 actuations on an unconfigured channel
201,1,2026-10-01,day,,7,,unconfigured,info,189.0,1.0,189 actuations on an unconfigured channel
201,1,2026-10-01,day,,8,,unconfigured,info,51.0,1.0,51 actuations on an unconfigured channel
201,1,2026-10-01,day,,19,,unconfigured,info,222.0,1.0,222 actuations on an unconfigured channel
201,1,2026-10-01,day,,28,,unconfigured,info,1.0,1.0,1 actuations on an unconfigured channel
201,1,2026-10-01,day,,34,,unconfigured,info,489.0,1.0,489 actuations on an unconfigured channel
201,1,2026-10-01,day,,35,,unconfigured,info,464.0,1.0,464 actuations on an unconfigured channel
201,1,2026-10-01,day,,47,,unconfigured,info,779.0,1.0,779 actuations on an unconfigured channel
201,1,2026-10-01,day,,48,,unconfigured,info,712.0,1.0,712 actuations on an unconfigured channel
201,20,2026-06-20,day,,2,,unconfigured,info,4075.0,20.0,4075 actuations on an unconfigured channel
201,20,2026-06-20,day,,3,,unconfigured,info,442.0,20.0,442 actuations on an unconfigured channel
201,20,2026-06-20,day,,4,,unconfigured,info,695.0,20.0,695 actuations on an unconfigured channel
201,20,2026-06-20,day,,7,,unconfigured,info,1647.0,20.0,1647 actuations on an unconfigured channel
201,20,2026-06-20,day,,8,,unconfigured,info,564.0,20.0,564 actuations on an unconfigured channel
201,20,2026-06-20,day,,19,,unconfigured,info,2151.0,20.0,2151 actuations on an unconfigured channel
201,20,2026-06-20,day,,34,,unconfigured,info,3903.0,20.0,3903 actuations on an unconfigured channel
201,20,2026-06-20,day,,35,,unconfigured,info,3613.0,20.0,3613 actuations on an unconfigured channel
201,20,2026-06-20,day,,47,,unconfigured,info,4983.0,20.0,4983 actuations on an unconfigured channel
201,20,2026-06-20,day,,48,,unconfigured,info,3598.0,20.0,3598 actuations on an unconfigured channel
201,20,2026-06-21,day,,2,,unconfigured,info,3481.0,20.0,3481 actuations on an unconfigured channel
201,20,2026-06-21,day,,3,,unconfigured,info,491.0,20.0,491 actuations on an unconfigured channel
201,20,2026-06-21,day,,4,,unconfigured,info,303.0,20.0,303 actuations on an unconfigured channel
201,20,2026-06-21,day,,7,,unconfigured,info,2355.0,20.0,2355 actuations on an unconfigured channel
201,20,2026-06-21,day,,8,,unconfigured,info,664.0,20.0,664 actuations on an unconfigured channel
201,20,2026-06-21,day,,19,,unconfigured,info,1866.0,20.0,1866 actuations on an unconfigured channel
201,20,2026-06-21,day,,28,,unconfigured,info,41.0,20.0,41 actuations on an unconfigured channel
201,20,2026-06-21,day,,34,,unconfigured,info,7587.0,20.0,7587 actuations on an unconfigured channel
201,20,2026-06-21,day,,35,,unconfigured,info,6991.0,20.0,6991 actuations on an unconfigured channel
201,20,2026-06-21,day,,47,,unconfigured,info,4337.0,20.0,4337 actuations on an unconfigured channel
201,20,2026-06-21,day,,48,,unconfigured,info,2931.0,20.0,2931 actuations on an unconfigured channel
201,20,2026-06-22,day,,2,,unconfigured,info,55.0,20.0,55 actuations on an unconfigured channel
201,20,2026-06-22,day,,19,,unconfigured,info,1719.0,20.0,1719 actuations on an unconfigured channel
201,20,2026-06-22,day,,20,,unconfigured,info,21.0,20.0,21 actuations on an unconfigured channel
201,20,2026-06-22,day,,34,,unconfigured,info,3720.0,20.0,3720 actuations on an unconfigured channel
201,20,2026-06-22,day,,35,,unconfigured,info,3540.0,20.0,3540 actuations on an unconfigured channel
201,20,2026-06-22,day,,47,,unconfigured,info,5002.0,20.0,5002 actuations on an unconfigured channel
201,20,2026-06-22,day,,48,,unconfigured,info,4313.0,20.0,4313 actuations on an unconfigured channel
201,20,2026-06-23,day,,2,,unconfigured,info,2372.0,20.0,2372 actuations on an unconfigured channel
201,20,2026-06-23,day,,3,,unconfigured,info,380.0,20.0,380 actuations on an unconfigured channel
201,20,2026-06-23,day,,4,,unconfigured,info,261.0,20.0,261 actuations on an unconfigured channel
201,20,2026-06-23,day,,7,,unconfigured,info,779.0,20.0,779 actuations on an unconfigured channel
201,20,2026-06-23,day,,8,,unconfigured,info,548.0,20.0,548 actuations on an unconfigured channel
201,20,2026-06-23,day,,19,,unconfigured,info,1294.0,20.0,1294 actuations on an unconfigured channel
201,20,2026-06-23,day,,34,,unconfigured,info,2776.0,20.0,2776 actuations on an unconfigured channel
201,20,2026-06-23,day,,35,,unconfigured,info,2654.0,20.0,2654 actuations on an unconfigured channel
201,20,2026-06-23,day,,47,,unconfigured,info,4079.0,20.0,4079 actuations on an unconfigured channel
201,20,2026-06-23,day,,48,,unconfigured,info,3555.0,20.0,3555 actuations on an unconfigured channel
201,20,2026-06-24,day,,2,,unconfigured,info,3856.0,20.0,3856 actuations on an unconfigured channel
201,20,2026-06-24,day,,3,,unconfigured,info,386.0,20.0,386 actuations on an unconfigured channel
201,20,2026-06-24,day,,4,,unconfigured,info,282.0,20.0,282 actuations on an unconfigured channel
201,20,2026-06-24,day,,7,,unconfigured,info,1130.0,20.0,1130 actuations on an unconfigured channel
201,20,2026-06-24,day,,8,,unconfigured,info,568.0,20.0,568 actuations on an unconfigured channel
201,20,2026-06-24,day,,19,,unconfigured,info,1496.0,20.0,1496 actuations on an unconfigured channel
201,20,2026-06-24,day,,34,,unconfigured,info,3139.0,20.0,3139 actuations on an unconfigured channel
201,20,2026-06-24,day,,35,,unconfigured,info,2996.0,20.0,2996 actuations on an unconfigured channel
201,20,2026-06-24,day,,47,,unconfigured,info,4592.0,20.0,4592 actuations on an unconfigured channel
201,20,2026-06-24,day,,48,,unconfigured,info,3913.0,20.0,3913 actuations on an unconfigured channel
201,20,2026-10-01,day,,2,,unconfigured,info,666.0,20.0,666 actuations on an unconfigured channel
201,20,2026-10-01,day,,3,,unconfigured,info,28.0,20.0,28 actuations on an unconfigured channel
201,20,2026-10-01,day,,4,,unconfigured,info,27.0,20.0,27 actuations on an unconfigured channel
201,20,2026-10-01,day,,7,,unconfigured,info,189.0,20.0,189 actuations on an unconfigured channel
201,20,2026-10-01,day,,8,,unconfigured,info,51.0,20.0,51 actuations on an unconfigured channel
201,20,2026-10-01,day,,19,,unconfigured,info,222.0,20.0,222 actuations on an unconfigured channel
201,20,2026-10-01,day,,34,,unconfigured,info,489.0,20.0,489 actuations on an unconfigured channel
201,20,2026-10-01,day,,35,,unconfigured,info,464.0,20.0,464 actuations on an unconfigured channel
201,20,2026-10-01,day,,47,,unconfigured,info,779.0,20.0,779 actuations on an unconfigured channel
201,20,2026-10-01,day,,48,,unconfigured,info,712.0,20.0,712 actuations on an unconfigured channel
201,100,2026-06-20,day,,2,,unconfigured,info,4075.0,100.0,4075 actuations on an unconfigured channel
201,100,2026-06-20,day,,3,,unconfigured,info,442.0,100.0,442 actuations on an unconfigured channel
201,100,2026-06-20,day,,4,,unconfigured,info,695.0,100.0,695 actuations on an unconfigured channel
201,100,2026-06-20,day,,7,,unconfigured,info,1647.0,100.0,1647 actuations on an unconfigured channel
201,100,2026-06-20,day,,8,,unconfigured,info,564.0,100.0,564 actuations on an unconfigured channel
201,100,2026-06-20,day,,19,,unconfigured,info,2151.0,100.0,2151 actuations on an unconfigured channel
201,100,2026-06-20,day,,34,,unconfigured,info,3903.0,100.0,3903 actuations on an unconfigured channel
201,100,2026-06-20,day,,35,,unconfigured,info,3613.0,100.0,3613 actuations on an unconfigured channel
201,100,2026-06-20,day,,47,,unconfigured,info,4983.0,100.0,4983 actuations on an unconfigured channel
201,100,2026-06-20,day,,48,,unconfigured,info,3598.0,100.0,3598 actuations on an unconfigured channel
201,100,2026-06-21,day,,2,,unconfigured,info,3481.0,100.0,3481 actuations on an unconfigured channel
201,100,2026-06-21,day,,3,,unconfigured,info,491.0,100.0,491 actuations on an unconfigured channel
201,100,2026-06-21,day,,4,,unconfigured,info,303.0,100.0,303 actuations on an unconfigured channel
201,100,2026-06-21,day,,7,,unconfigured,info,2355.0,100.0,2355 actuations on an unconfigured channel
201,100,2026-06-21,day,,8,,unconfigured,info,664.0,100.0,664 actuations on an unconfigured channel
201,100,2026-06-21,day,,19,,unconfigured,info,1866.0,100.0,1866 actuations on an unconfigured channel
201,100,2026-06-21,day,,34,,unconfigured,info,7587.0,100.0,7587 actuations on an unconfigured channel
201,100,2026-06-21,day,,35,,unconfigured,info,6991.0,100.0,6991 actuations on an unconfigured channel
201,100,2026-06-21,day,,47,,unconfigured,info,4337.0,100.0,4337 actuations on an unconfigured channel
201,100,2026-06-21,day,,48,,unconfigured,info,2931.0,100.0,2931 actuations on an unconfigured channel
201,100,2026-06-22,day,,19,,unconfigured,info,1719.0,100.0,1719 actuations on an unconfigured channel
201,100,2026-06-22,day,,34,,unconfigured,info,3720.0,100.0,3720 actuations on an unconfigured channel
201,100,2026-06-22,day,,35,,unconfigured,info,3540.0,100.0,3540 actuations on an unconfigured channel
201,100,2026-06-22,day,,47,,unconfigured,info,5002.0,100.0,5002 actuations on an unconfigured channel
201,100,2026-06-22,day,,48,,unconfigured,info,4313.0,100.0,4313 actuations on an unconfigured channel
201,100,2026-06-23,day,,2,,unconfigured,info,2372.0,100.0,2372 actuations on an unconfigured channel
201,100,2026-06-23,day,,3,,unconfigured,info,380.0,100.0,380 actuations on an unconfigured channel
201,100,2026-06-23,day,,4,,unconfigured,info,261.0,100.0,261 actuations on an unconfigured channel
201,100,2026-06-23,day,,7,,unconfigured,info,779.0,100.0,779 actuations on an unconfigured channel
201,100,2026-06-23,day,,8,,unconfigured,info,548.0,100.0,548 actuations on an unconfigured channel
201,100,2026-06-23,day,,19,,unconfigured,info,1294.0,100.0,1294 actuations on an unconfigured channel
201,100,2026-06-23,day,,34,,unconfigured,info,2776.0,100.0,2776 actuations on an unconfigured channel
201,100,2026-06-23,day,,35,,unconfigured,info,2654.0,100.0,2654 actuations on an unconfigured channel
201,100,2026-06-23,day,,47,,unconfigured,info,4079.0,100.0,4079 actuations on an unconfigured channel
201,100,2026-06-23,day,,48,,unconfigured,info,3555.0,100.0,3555 actuations on an unconfigured channel
201,100,2026-06-24,day,,2,,unconfigured,info,3856.0,100.0,3856 actuations on an unconfigured channel
201,100,2026-06-24,day,,3,,unconfigured,info,386.0,100.0,386 actuations on an unconfigured channel
201,100,2026-06-24,day,,4,,unconfigured,info,282.0,100.0,282 actuations on an unconfigured channel
201,100,2026-06-24,day,,7,,unconfigured,info,1130.0,100.0,1130 actuations on an unconfigured channel
201,100,2026-06-24,day,,8,,unconfigured,info,568.0,100.0,568 actuations on an unconfigured channel
201,100,2026-06-24,day,,19,,unconfigured,info,1496.0,100.0,1496 actuations on an unconfigured channel
201,100,2026-06-24,day,,34,,unconfigured,info,3139.0,100.0,3139 actuations on an unconfigured channel
201,100,2026-06-24,day,,35,,unconfigured,info,2996.0,100.0,2996 actuations on an unconfigured channel
201,100,2026-06-24,day,,47,,unconfigured,info,4592.0,100.0,4592 actuations on an unconfigured channel
201,100,2026-06-24,day,,48,,unconfigured,info,3913.0,100.0,3913 actuations on an unconfigured channel
201,100,2026-10-01,day,,2,,unconfigured,info,666.0,100.0,666 actuations on an unconfigured channel
201,100,2026-10-01,day,,7,,unconfigured,info,189.0,100.0,189 actuations on an unconfigured channel
201,100,2026-10-01,day,,19,,unconfigured,info,222.0,100.0,222 actuations on an unconfigured channel
201,100,2026-10-01,day,,34,,unconfigured,info,489.0,100.0,489 actuations on an unconfigured channel
201,100,2026-10-01,day,,35,,unconfigured,info,464.0,100.0,464 actuations on an unconfigured channel
201,100,2026-10-01,day,,47,,unconfigured,info,779.0,100.0,779 actuations on an unconfigured channel
201,100,2026-10-01,day,,48,,unconfigured,info,712.0,100.0,712 actuations on an unconfigured channel
313,1,2026-08-04,day,,35,,unconfigured,info,5005.0,1.0,5005 actuations on an unconfigured channel
313,1,2026-08-04,day,,39,,unconfigured,info,2202.0,1.0,2202 actuations on an unconfigured channel
313,1,2026-08-04,day,,45,,unconfigured,info,5920.0,1.0,5920 actuations on an unconfigured channel
313,1,2026-08-04,day,,46,,unconfigured,info,5569.0,1.0,5569 actuations on an unconfigured channel
313,1,2026-08-04,day,,55,,unconfigured,info,7302.0,1.0,7302 actuations on an unconfigured channel
313,1,2026-08-05,day,,35,,unconfigured,info,11921.0,1.0,11921 actuations on an unconfigured channel
313,1,2026-08-05,day,,39,,unconfigured,info,2690.0,1.0,2690 actuations on an unconfigured channel
313,1,2026-08-05,day,,45,,unconfigured,info,10421.0,1.0,10421 actuations on an unconfigured channel
313,1,2026-08-05,day,,46,,unconfigured,info,9375.0,1.0,9375 actuations on an unconfigured channel
313,1,2026-08-05,day,,55,,unconfigured,info,13330.0,1.0,13330 actuations on an unconfigured channel
313,1,2026-08-06,day,,35,,unconfigured,info,11647.0,1.0,11647 actuations on an unconfigured channel
313,1,2026-08-06,day,,39,,unconfigured,info,2875.0,1.0,2875 actuations on an unconfigured channel
313,1,2026-08-06,day,,45,,unconfigured,info,11124.0,1.0,11124 actuations on an unconfigured channel
313,1,2026-08-06,day,,46,,unconfigured,info,9641.0,1.0,9641 actuations on an unconfigured channel
313,1,2026-08-06,day,,55,,unconfigured,info,13967.0,1.0,13967 actuations on an unconfigured channel
313,1,2026-08-07,day,,35,,unconfigured,info,11698.0,1.0,11698 actuations on an unconfigured channel
313,1,2026-08-07,day,,39,,unconfigured,info,2670.0,1.0,2670 actuations on an unconfigured channel
313,1,2026-08-07,day,,45,,unconfigured,info,11210.0,1.0,11210 actuations on an unconfigured channel
313,1,2026-08-07,day,,46,,unconfigured,info,9691.0,1.0,9691 actuations on an unconfigured channel
313,1,2026-08-07,day,,55,,unconfigured,info,14142.0,1.0,14142 actuations on an unconfigured channel
313,1,2026-08-08,day,,35,,unconfigured,info,9732.0,1.0,9732 actuations on an unconfigured channel
313,1,2026-08-08,day,,39,,unconfigured,info,1986.0,1.0,1986 actuations on an unconfigured channel
313,1,2026-08-08,day,,45,,unconfigured,info,8939.0,1.0,8939 actuations on an unconfigured channel
313,1,2026-08-08,day,,46,,unconfigured,info,7605.0,1.0,7605 actuations on an unconfigured channel
313,1,2026-08-08,day,,55,,unconfigured,info,10770.0,1.0,10770 actuations on an unconfigured channel
313,1,2026-08-09,day,,35,,unconfigured,info,8200.0,1.0,8200 actuations on an unconfigured channel
313,1,2026-08-09,day,,39,,unconfigured,info,1951.0,1.0,1951 actuations on an unconfigured channel
313,1,2026-08-09,day,,45,,unconfigured,info,7595.0,1.0,7595 actuations on an unconfigured channel
313,1,2026-08-09,day,,46,,unconfigured,info,6472.0,1.0,6472 actuations on an unconfigured channel
313,1,2026-08-09,day,,55,,unconfigured,info,9280.0,1.0,9280 actuations on an unconfigured channel
313,1,2026-08-10,day,,35,,unconfigured,info,11452.0,1.0,11452 actuations on an unconfigured channel
313,1,2026-08-10,day,,39,,unconfigured,info,2821.0,1.0,2821 actuations on an unconfigured channel
313,1,2026-08-10,day,,45,,unconfigured,info,10800.0,1.0,10800 actuations on an unconfigured channel
313,1,2026-08-10,day,,46,,unconfigured,info,9350.0,1.0,9350 actuations on an unconfigured channel
313,1,2026-08-10,day,,55,,unconfigured,info,13681.0,1.0,13681 actuations on an unconfigured channel
313,1,2026-08-11,day,,35,,unconfigured,info,11487.0,1.0,11487 actuations on an unconfigured channel
313,1,2026-08-11,day,,39,,unconfigured,info,2804.0,1.0,2804 actuations on an unconfigured channel
313,1,2026-08-11,day,,45,,unconfigured,info,11115.0,1.0,11115 actuations on an unconfigured channel
313,1,2026-08-11,day,,46,,unconfigured,info,9539.0,1.0,9539 actuations on an unconfigured channel
313,1,2026-08-11,day,,55,,unconfigured,info,14134.0,1.0,14134 actuations on an unconfigured channel
313,1,2026-08-12,day,,35,,unconfigured,info,11122.0,1.0,11122 actuations on an unconfigured channel
313,1,2026-08-12,day,,39,,unconfigured,info,2665.0,1.0,2665 actuations on an unconfigured channel
313,1,2026-08-12,day,,45,,unconfigured,info,10870.0,1.0,10870 actuations on an unconfigured channel
313,1,2026-08-12,day,,46,,unconfigured,info,9432.0,1.0,9432 actuations on an unconfigured channel
313,1,2026-08-12,day,,55,,unconfigured,info,13689.0,1.0,13689 actuations on an unconfigured channel
313,1,2026-08-13,day,,35,,unconfigured,info,11333.0,1.0,11333 actuations on an unconfigured channel
313,1,2026-08-13,day,,39,,unconfigured,info,2970.0,1.0,2970 actuations on an unconfigured channel
313,1,2026-08-13,day,,45,,unconfigured,info,11025.0,1.0,11025 actuations on an unconfigured channel
313,1,2026-08-13,day,,46,,unconfigured,info,9630.0,1.0,9630 actuations on an unconfigured channel
313,1,2026-08-13,day,,55,,unconfigured,info,14293.0,1.0,14293 actuations on an unconfigured channel
313,1,2026-08-14,day,,35,,unconfigured,info,12359.0,1.0,12359 actuations on an unconfigured channel
313,1,2026-08-14,day,,39,,unconfigured,info,2754.0,1.0,2754 actuations on an unconfigured channel
313,1,2026-08-14,day,,45,,unconfigured,info,10382.0,1.0,10382 actuations on an unconfigured channel
313,1,2026-08-14,day,,46,,unconfigured,info,9005.0,1.0,9005 actuations on an unconfigured channel
313,1,2026-08-14,day,,55,,unconfigured,info,13054.0,1.0,13054 actuations on an unconfigured channel
313,1,2026-08-15,day,,35,,unconfigured,info,9817.0,1.0,9817 actuations on an unconfigured channel
313,1,2026-08-15,day,,39,,unconfigured,info,1885.0,1.0,1885 actuations on an unconfigured channel
313,1,2026-08-15,day,,45,,unconfigured,info,9280.0,1.0,9280 actuations on an unconfigured channel
313,1,2026-08-15,day,,46,,unconfigured,info,8017.0,1.0,8017 actuations on an unconfigured channel
313,1,2026-08-15,day,,55,,unconfigured,info,11415.0,1.0,11415 actuations on an unconfigured channel
313,1,2026-08-16,day,,35,,unconfigured,info,8238.0,1.0,8238 actuations on an unconfigured channel
313,1,2026-08-16,day,,39,,unconfigured,info,1898.0,1.0,1898 actuations on an unconfigured channel
313,1,2026-08-16,day,,45,,unconfigured,info,7675.0,1.0,7675 actuations on an unconfigured channel
313,1,2026-08-16,day,,46,,unconfigured,info,6585.0,1.0,6585 actuations on an unconfigured channel
313,1,2026-08-16,day,,55,,unconfigured,info,9618.0,1.0,9618 actuations on an unconfigured channel
313,1,2026-08-17,day,,35,,unconfigured,info,10404.0,1.0,10404 actuations on an unconfigured channel
313,1,2026-08-17,day,,39,,unconfigured,info,2642.0,1.0,2642 actuations on an unconfigured channel
313,1,2026-08-17,day,,45,,unconfigured,info,10104.0,1.0,10104 actuations on an unconfigured channel
313,1,2026-08-17,day,,46,,unconfigured,info,8785.0,1.0,8785 actuations on an unconfigured channel
313,1,2026-08-17,day,,55,,unconfigured,info,13214.0,1.0,13214 actuations on an unconfigured channel
313,20,2026-08-04,day,,35,,unconfigured,info,5005.0,20.0,5005 actuations on an unconfigured channel
313,20,2026-08-04,day,,39,,unconfigured,info,2202.0,20.0,2202 actuations on an unconfigured channel
313,20,2026-08-04,day,,45,,unconfigured,info,5920.0,20.0,5920 actuations on an unconfigured channel
313,20,2026-08-04,day,,46,,unconfigured,info,5569.0,20.0,5569 actuations on an unconfigured channel
313,20,2026-08-04,day,,55,,unconfigured,info,7302.0,20.0,7302 actuations on an unconfigured channel
313,20,2026-08-05,day,,35,,unconfigured,info,11921.0,20.0,11921 actuations on an unconfigured channel
313,20,2026-08-05,day,,39,,unconfigured,info,2690.0,20.0,2690 actuations on an unconfigured channel
313,20,2026-08-05,day,,45,,unconfigured,info,10421.0,20.0,10421 actuations on an unconfigured channel
313,20,2026-08-05,day,,46,,unconfigured,info,9375.0,20.0,9375 actuations on an unconfigured channel
313,20,2026-08-05,day,,55,,unconfigured,info,13330.0,20.0,13330 actuations on an unconfigured channel
313,20,2026-08-06,day,,35,,unconfigured,info,11647.0,20.0,11647 actuations on an unconfigured channel
313,20,2026-08-06,day,,39,,unconfigured,info,2875.0,20.0,2875 actuations on an unconfigured channel
313,20,2026-08-06,day,,45,,unconfigured,info,11124.0,20.0,11124 actuations on an unconfigured channel
313,20,2026-08-06,day,,46,,unconfigured,info,9641.0,20.0,9641 actuations on an unconfigured channel
313,20,2026-08-06,day,,55,,unconfigured,info,13967.0,20.0,13967 actuations on an unconfigured channel
313,20,2026-08-07,day,,35,,unconfigured,info,11698.0,20.0,11698 actuations on an unconfigured channel
313,20,2026-08-07,day,,39,,unconfigured,info,2670.0,20.0,2670 actuations on an unconfigured channel
313,20,2026-08-07,day,,45,,unconfigured,info,11210.0,20.0,11210 actuations on an unconfigured channel
313,20,2026-08-07,day,,46,,unconfigured,info,9691.0,20.0,9691 actuations on an unconfigured channel
313,20,2026-08-07,day,,55,,unconfigured,info,14142.0,20.0,14142 actuations on an unconfigured channel
313,20,2026-08-08,day,,35,,unconfigured,info,9732.0,20.0,9732 actuations on an unconfigured channel
313,20,2026-08-08,day,,39,,unconfigured,info,1986.0,20.0,1986 actuations on an unconfigured channel
313,20,2026-08-08,day,,45,,unconfigured,info,8939.0,20.0,8939 actuations on an unconfigured channel
313,20,2026-08-08,day,,46,,unconfigured,info,7605.0,20.0,7605 actuations on an unconfigured channel
313,20,2026-08-08,day,,55,,unconfigured,info,10770.0,20.0,10770 actuations on an unconfigured channel
313,20,2026-08-09,day,,35,,unconfigured,info,8200.0,20.0,8200 actuations on an unconfigured channel
313,20,2026-08-09,day,,39,,unconfigured,info,1951.0,20.0,1951 actuations on an unconfigured channel
313,20,2026-08-09,day,,45,,unconfigured,info,7595.0,20.0,7595 actuations on an unconfigured channel
313,20,2026-08-09,day,,46,,unconfigured,info,6472.0,20.0,6472 actuations on an unconfigured channel
313,20,2026-08-09,day,,55,,unconfigured,info,9280.0,20.0,9280 actuations on an unconfigured channel
313,20,2026-08-10,day,,35,,unconfigured,info,11452.0,20.0,11452 actuations on an unconfigured channel
313,20,2026-08-10,day,,39,,unconfigured,info,2821.0,20.0,2821 actuations on an unconfigured channel
313,20,2026-08-10,day,,45,,unconfigured,info,10800.0,20.0,10800 actuations on an unconfigured channel
313,20,2026-08-10,day,,46,,unconfigured,info,9350.0,20.0,9350 actuations on an unconfigured channel
313,20,2026-08-10,day,,55,,unconfigured,info,13681.0,20.0,13681 actuations on an unconfigured channel
313,20,2026-08-11,day,,35,,unconfigured,info,11487.0,20.0,11487 actuations on an unconfigured channel
313,20,2026-08-11,day,,39,,unconfigured,info,2804.0,20.0,2804 actuations on an unconfigured channel
313,20,2026-08-11,day,,45,,unconfigured,info,11115.0,20.0,11115 actuations on an unconfigured channel
313,20,2026-08-11,day,,46,,unconfigured,info,9539.0,20.0,9539 actuations on an unconfigured channel
313,20,2026-08-11,day,,55,,unconfigured,info,14134.0,20.0,14134 actuations on an unconfigured channel
313,20,2026-08-12,day,,35,,unconfigured,info,11122.0,20.0,11122 actuations on an unconfigured channel
313,20,2026-08-12,day,,39,,unconfigured,info,2665.0,20.0,2665 actuations on an unconfigured channel
313,20,2026-08-12,day,,45,,unconfigured,info,10870.0,20.0,10870 actuations on an unconfigured channel
313,20,2026-08-12,day,,46,,unconfigured,info,9432.0,20.0,9432 actuations on an unconfigured channel
313,20,2026-08-12,day,,55,,unconfigured,info,13689.0,20.0,13689 actuations on an unconfigured channel
313,20,2026-08-13,day,,35,,unconfigured,info,11333.0,20.0,11333 actuations on an unconfigured channel
313,20,2026-08-13,day,,39,,unconfigured,info,2970.0,20.0,2970 actuations on an unconfigured channel
313,20,2026-08-13,day,,45,,unconfigured,info,11025.0,20.0,11025 actuations on an unconfigured channel
313,20,2026-08-13,day,,46,,unconfigured,info,9630.0,20.0,9630 actuations on an unconfigured channel
313,20,2026-08-13,day,,55,,unconfigured,info,14293.0,20.0,14293 actuations on an unconfigured channel
313,20,2026-08-14,day,,35,,unconfigured,info,12359.0,20.0,12359 actuations on an unconfigured channel
313,20,2026-08-14,day,,39,,unconfigured,info,2754.0,20.0,2754 actuations on an unconfigured channel
313,20,2026-08-14,day,,45,,unconfigured,info,10382.0,20.0,10382 actuations on an unconfigured channel
313,20,2026-08-14,day,,46,,unconfigured,info,9005.0,20.0,9005 actuations on an unconfigured channel
313,20,2026-08-14,day,,55,,unconfigured,info,13054.0,20.0,13054 actuations on an unconfigured channel
313,20,2026-08-15,day,,35,,unconfigured,info,9817.0,20.0,9817 actuations on an unconfigured channel
313,20,2026-08-15,day,,39,,unconfigured,info,1885.0,20.0,1885 actuations on an unconfigured channel
313,20,2026-08-15,day,,45,,unconfigured,info,9280.0,20.0,9280 actuations on an unconfigured channel
313,20,2026-08-15,day,,46,,unconfigured,info,8017.0,20.0,8017 actuations on an unconfigured channel
313,20,2026-08-15,day,,55,,unconfigured,info,11415.0,20.0,11415 actuations on an unconfigured channel
313,20,2026-08-16,day,,35,,unconfigured,info,8238.0,20.0,8238 actuations on an unconfigured channel
313,20,2026-08-16,day,,39,,unconfigured,info,1898.0,20.0,1898 actuations on an unconfigured channel
313,20,2026-08-16,day,,45,,unconfigured,info,7675.0,20.0,7675 actuations on an unconfigured channel
313,20,2026-08-16,day,,46,,unconfigured,info,6585.0,20.0,6585 actuations on an unconfigured channel
313,20,2026-08-16,day,,55,,unconfigured,info,9618.0,20.0,9618 actuations on an unconfigured channel
313,20,2026-08-17,day,,35,,unconfigured,info,10404.0,20.0,10404 actuations on an unconfigured channel
313,20,2026-08-17,day,,39,,unconfigured,info,2642.0,20.0,2642 actuations on an unconfigured channel
313,20,2026-08-17,day,,45,,unconfigured,info,10104.0,20.0,10104 actuations on an unconfigured channel
313,20,2026-08-17,day,,46,,unconfigured,info,8785.0,20.0,8785 actuations on an unconfigured channel
313,20,2026-08-17,day,,55,,unconfigured,info,13214.0,20.0,13214 actuations on an unconfigured channel
313,100,2026-08-04,day,,35,,unconfigured,info,5005.0,100.0,5005 actuations on an unconfigured channel
313,100,2026-08-04,day,,39,,unconfigured,info,2202.0,100.0,2202 actuations on an unconfigured channel
313,100,2026-08-04,day,,45,,unconfigured,info,5920.0,100.0,5920 actuations on an unconfigured channel
313,100,2026-08-04,day,,46,,unconfigured,info,5569.0,100.0,5569 actuations on an unconfigured channel
313,100,2026-08-04,day,,55,,unconfigured,info,7302.0,100.0,7302 actuations on an unconfigured channel
313,100,2026-08-05,day,,35,,unconfigured,info,11921.0,100.0,11921 actuations on an unconfigured channel
313,100,2026-08-05,day,,39,,unconfigured,info,2690.0,100.0,2690 actuations on an unconfigured channel
313,100,2026-08-05,day,,45,,unconfigured,info,10421.0,100.0,10421 actuations on an unconfigured channel
313,100,2026-08-05,day,,46,,unconfigured,info,9375.0,100.0,9375 actuations on an unconfigured channel
313,100,2026-08-05,day,,55,,unconfigured,info,13330.0,100.0,13330 actuations on an unconfigured channel
313,100,2026-08-06,day,,35,,unconfigured,info,11647.0,100.0,11647 actuations on an unconfigured channel
313,100,2026-08-06,day,,39,,unconfigured,info,2875.0,100.0,2875 actuations on an unconfigured channel
313,100,2026-08-06,day,,45,,unconfigured,info,11124.0,100.0,11124 actuations on an unconfigured channel
313,100,2026-08-06,day,,46,,unconfigured,info,9641.0,100.0,9641 actuations on an unconfigured channel
313,100,2026-08-06,day,,55,,unconfigured,info,13967.0,100.0,13967 actuations on an unconfigured channel
313,100,2026-08-07,day,,35,,unconfigured,info,11698.0,100.0,11698 actuations on an unconfigured channel
313,100,2026-08-07,day,,39,,unconfigured,info,2670.0,100.0,2670 actuations on an unconfigured channel
313,100,2026-08-07,day,,45,,unconfigured,info,11210.0,100.0,11210 actuations on an unconfigured channel
313,100,2026-08-07,day,,46,,unconfigured,info,9691.0,100.0,9691 actuations on an unconfigured channel
313,100,2026-08-07,day,,55,,unconfigured,info,14142.0,100.0,14142 actuations on an unconfigured channel
313,100,2026-08-08,day,,35,,unconfigured,info,9732.0,100.0,9732 actuations on an unconfigured channel
313,100,2026-08-08,day,,39,,unconfigured,info,1986.0,100.0,1986 actuations on an unconfigured channel
313,100,2026-08-08,day,,45,,unconfigured,info,8939.0,100.0,8939 actuations on an unconfigured channel
313,100,2026-08-08,day,,46,,unconfigured,info,7605.0,100.0,7605 actuations on an unconfigured channel
313,100,2026-08-08,day,,55,,unconfigured,info,10770.0,100.0,10770 actuations on an unconfigured channel
313,100,2026-08-09,day,,35,,unconfigured,info,8200.0,100.0,8200 actuations on an unconfigured channel
313,100,2026-08-09,day,,39,,unconfigured,info,1951.0,100.0,1951 actuations on an unconfigured channel
313,100,2026-08-09,day,,45,,unconfigured,info,7595.0,100.0,7595 actuations on an unconfigured channel
313,100,2026-08-09,day,,46,,unconfigured,info,6472.0,100.0,6472 actuations on an unconfigured channel
313,100,2026-08-09,day,,55,,unconfigured,info,9280.0,100.0,9280 actuations on an unconfigured channel
313,100,2026-08-10,day,,35,,unconfigured,info,11452.0,100.0,11452 actuations on an unconfigured channel
313,100,2026-08-10,day,,39,,unconfigured,info,2821.0,100.0,2821 actuations on an unconfigured channel
313,100,2026-08-10,day,,45,,unconfigured,info,10800.0,100.0,10800 actuations on an unconfigured channel
313,100,2026-08-10,day,,46,,unconfigured,info,9350.0,100.0,9350 actuations on an unconfigured channel
313,100,2026-08-10,day,,55,,unconfigured,info,13681.0,100.0,13681 actuations on an unconfigured channel
313,100,2026-08-11,day,,35,,unconfigured,info,11487.0,100.0,11487 actuations on an unconfigured channel
313,100,2026-08-11,day,,39,,unconfigured,info,2804.0,100.0,2804 actuations on an unconfigured channel
313,100,2026-08-11,day,,45,,unconfigured,info,11115.0,100.0,11115 actuations on an unconfigured channel
313,100,2026-08-11,day,,46,,unconfigured,info,9539.0,100.0,9539 actuations on an unconfigured channel
313,100,2026-08-11,day,,55,,unconfigured,info,14134.0,100.0,14134 actuations on an unconfigured channel
313,100,2026-08-12,day,,35,,unconfigured,info,11122.0,100.0,11122 actuations on an unconfigured channel
313,100,2026-08-12,day,,39,,unconfigured,info,2665.0,100.0,2665 actuations on an unconfigured channel
313,100,2026-08-12,day,,45,,unconfigured,info,10870.0,100.0,10870 actuations on an unconfigured channel
313,100,2026-08-12,day,,46,,unconfigured,info,9432.0,100.0,9432 actuations on an unconfigured channel
313,100,2026-08-12,day,,55,,unconfigured,info,13689.0,100.0,13689 actuations on an unconfigured channel
313,100,2026-08-13,day,,35,,unconfigured,info,11333.0,100.0,11333 actuations on an unconfigured channel
313,100,2026-08-13,day,,39,,unconfigured,info,2970.0,100.0,2970 actuations on an unconfigured channel
313,100,2026-08-13,day,,45,,unconfigured,info,11025.0,100.0,11025 actuations on an unconfigured channel
313,100,2026-08-13,day,,46,,unconfigured,info,9630.0,100.0,9630 actuations on an unconfigured channel
313,100,2026-08-13,day,,55,,unconfigured,info,14293.0,100.0,14293 actuations on an unconfigured channel
313,100,2026-08-14,day,,35,,unconfigured,info,12359.0,100.0,12359 actuations on an unconfigured channel
313,100,2026-08-14,day,,39,,unconfigured,info,2754.0,100.0,2754 actuations on an unconfigured channel
313,100,2026-08-14,day,,45,,unconfigured,info,10382.0,100.0,10382 actuations on an unconfigured channel
313,100,2026-08-14,day,,46,,unconfigured,info,9005.0,100.0,9005 actuations on an unconfigured channel
313,100,2026-08-14,day,,55,,unconfigured,info,13054.0,100.0,13054 actuations on an unconfigured channel
313,100,2026-08-15,day,,35,,unconfigured,info,9817.0,100.0,9817 actuations on an unconfigured channel
313,100,2026-08-15,day,,39,,unconfigured,info,1885.0,100.0,1885 actuations on an unconfigured channel
313,100,2026-08-15,day,,45,,unconfigured,info,9280.0,100.0,9280 actuations on an unconfigured channel
313,100,2026-08-15,day,,46,,unconfigured,info,8017.0,100.0,8017 actuations on an unconfigured channel
313,100,2026-08-15,day,,55,,unconfigured,info,11415.0,100.0,11415 actuations on an unconfigured channel
313,100,2026-08-16,day,,35,,unconfigured,info,8238.0,100.0,8238 actuations on an unconfigured channel
313,100,2026-08-16,day,,39,,unconfigured,info,1898.0,100.0,1898 actuations on an unconfigured channel
313,100,2026-08-16,day,,45,,unconfigured,info,7675.0,100.0,7675 actuations on an unconfigured channel
313,100,2026-08-16,day,,46,,unconfigured,info,6585.0,100.0,6585 actuations on an unconfigured channel
313,100,2026-08-16,day,,55,,unconfigured,info,9618.0,100.0,9618 actuations on an unconfigured channel
313,100,2026-08-17,day,,35,,unconfigured,info,10404.0,100.0,10404 actuations on an unconfigured channel
313,100,2026-08-17,day,,39,,unconfigured,info,2642.0,100.0,2642 actuations on an unconfigured channel
313,100,2026-08-17,day,,45,,unconfigured,info,10104.0,100.0,10104 actuations on an unconfigured channel
313,100,2026-08-17,day,,46,,unconfigured,info,8785.0,100.0,8785 actuations on an unconfigured channel
313,100,2026-08-17,day,,55,,unconfigured,info,13214.0,100.0,13214 actuations on an unconfigured channel
315,1,2025-12-10,day,,33,,unconfigured,info,695.0,1.0,695 actuations on an unconfigured channel
315,1,2025-12-10,day,,37,,unconfigured,info,6586.0,1.0,6586 actuations on an unconfigured channel
315,1,2025-12-10,day,,41,,unconfigured,info,662.0,1.0,662 actuations on an unconfigured channel
315,1,2025-12-10,day,,42,,unconfigured,info,920.0,1.0,920 actuations on an unconfigured channel
315,1,2025-12-10,day,,43,,unconfigured,info,975.0,1.0,975 actuations on an unconfigured channel
315,1,2025-12-10,day,,44,,unconfigured,info,562.0,1.0,562 actuations on an unconfigured channel
315,1,2025-12-10,day,,47,,unconfigured,info,733.0,1.0,733 actuations on an unconfigured channel
315,1,2025-12-10,day,,49,,unconfigured,info,1029.0,1.0,1029 actuations on an unconfigured channel
315,1,2025-12-10,day,,53,,unconfigured,info,7351.0,1.0,7351 actuations on an unconfigured channel
315,1,2025-12-10,day,,57,,unconfigured,info,830.0,1.0,830 actuations on an unconfigured channel
315,1,2025-12-10,day,,58,,unconfigured,info,453.0,1.0,453 actuations on an unconfigured channel
315,1,2025-12-10,day,,59,,unconfigured,info,460.0,1.0,460 actuations on an unconfigured channel
315,1,2025-12-10,day,,60,,unconfigured,info,452.0,1.0,452 actuations on an unconfigured channel
315,1,2025-12-10,day,,63,,unconfigured,info,962.0,1.0,962 actuations on an unconfigured channel
315,1,2025-12-14,day,,33,,unconfigured,info,368.0,1.0,368 actuations on an unconfigured channel
315,1,2025-12-14,day,,37,,unconfigured,info,4679.0,1.0,4679 actuations on an unconfigured channel
315,1,2025-12-14,day,,41,,unconfigured,info,375.0,1.0,375 actuations on an unconfigured channel
315,1,2025-12-14,day,,42,,unconfigured,info,693.0,1.0,693 actuations on an unconfigured channel
315,1,2025-12-14,day,,43,,unconfigured,info,714.0,1.0,714 actuations on an unconfigured channel
315,1,2025-12-14,day,,44,,unconfigured,info,515.0,1.0,515 actuations on an unconfigured channel
315,1,2025-12-14,day,,47,,unconfigured,info,363.0,1.0,363 actuations on an unconfigured channel
315,1,2025-12-14,day,,49,,unconfigured,info,908.0,1.0,908 actuations on an unconfigured channel
315,1,2025-12-14,day,,53,,unconfigured,info,4559.0,1.0,4559 actuations on an unconfigured channel
315,1,2025-12-14,day,,57,,unconfigured,info,577.0,1.0,577 actuations on an unconfigured channel
315,1,2025-12-14,day,,58,,unconfigured,info,342.0,1.0,342 actuations on an unconfigured channel
315,1,2025-12-14,day,,59,,unconfigured,info,332.0,1.0,332 actuations on an unconfigured channel
315,1,2025-12-14,day,,60,,unconfigured,info,431.0,1.0,431 actuations on an unconfigured channel
315,1,2025-12-14,day,,63,,unconfigured,info,859.0,1.0,859 actuations on an unconfigured channel
315,1,2025-12-15,day,,33,,unconfigured,info,718.0,1.0,718 actuations on an unconfigured channel
315,1,2025-12-15,day,,37,,unconfigured,info,6929.0,1.0,6929 actuations on an unconfigured channel
315,1,2025-12-15,day,,41,,unconfigured,info,667.0,1.0,667 actuations on an unconfigured channel
315,1,2025-12-15,day,,42,,unconfigured,info,894.0,1.0,894 actuations on an unconfigured channel
315,1,2025-12-15,day,,43,,unconfigured,info,928.0,1.0,928 actuations on an unconfigured channel
315,1,2025-12-15,day,,44,,unconfigured,info,793.0,1.0,793 actuations on an unconfigured channel
315,1,2025-12-15,day,,47,,unconfigured,info,486.0,1.0,486 actuations on an unconfigured channel
315,1,2025-12-15,day,,49,,unconfigured,info,1087.0,1.0,1087 actuations on an unconfigured channel
315,1,2025-12-15,day,,53,,unconfigured,info,7440.0,1.0,7440 actuations on an unconfigured channel
315,1,2025-12-15,day,,57,,unconfigured,info,850.0,1.0,850 actuations on an unconfigured channel
315,1,2025-12-15,day,,58,,unconfigured,info,461.0,1.0,461 actuations on an unconfigured channel
315,1,2025-12-15,day,,59,,unconfigured,info,469.0,1.0,469 actuations on an unconfigured channel
315,1,2025-12-15,day,,60,,unconfigured,info,509.0,1.0,509 actuations on an unconfigured channel
315,1,2025-12-15,day,,63,,unconfigured,info,993.0,1.0,993 actuations on an unconfigured channel
315,1,2025-12-16,day,,33,,unconfigured,info,738.0,1.0,738 actuations on an unconfigured channel
315,1,2025-12-16,day,,37,,unconfigured,info,7612.0,1.0,7612 actuations on an unconfigured channel
315,1,2025-12-16,day,,41,,unconfigured,info,793.0,1.0,793 actuations on an unconfigured channel
315,1,2025-12-16,day,,42,,unconfigured,info,898.0,1.0,898 actuations on an unconfigured channel
315,1,2025-12-16,day,,43,,unconfigured,info,938.0,1.0,938 actuations on an unconfigured channel
315,1,2025-12-16,day,,44,,unconfigured,info,839.0,1.0,839 actuations on an unconfigured channel
315,1,2025-12-16,day,,47,,unconfigured,info,570.0,1.0,570 actuations on an unconfigured channel
315,1,2025-12-16,day,,49,,unconfigured,info,1105.0,1.0,1105 actuations on an unconfigured channel
315,1,2025-12-16,day,,53,,unconfigured,info,8088.0,1.0,8088 actuations on an unconfigured channel
315,1,2025-12-16,day,,57,,unconfigured,info,896.0,1.0,896 actuations on an unconfigured channel
315,1,2025-12-16,day,,58,,unconfigured,info,495.0,1.0,495 actuations on an unconfigured channel
315,1,2025-12-16,day,,59,,unconfigured,info,507.0,1.0,507 actuations on an unconfigured channel
315,1,2025-12-16,day,,60,,unconfigured,info,512.0,1.0,512 actuations on an unconfigured channel
315,1,2025-12-16,day,,63,,unconfigured,info,1018.0,1.0,1018 actuations on an unconfigured channel
315,1,2025-12-17,day,,33,,unconfigured,info,739.0,1.0,739 actuations on an unconfigured channel
315,1,2025-12-17,day,,37,,unconfigured,info,7360.0,1.0,7360 actuations on an unconfigured channel
315,1,2025-12-17,day,,41,,unconfigured,info,686.0,1.0,686 actuations on an unconfigured channel
315,1,2025-12-17,day,,42,,unconfigured,info,998.0,1.0,998 actuations on an unconfigured channel
315,1,2025-12-17,day,,43,,unconfigured,info,1038.0,1.0,1038 actuations on an unconfigured channel
315,1,2025-12-17,day,,44,,unconfigured,info,584.0,1.0,584 actuations on an unconfigured channel
315,1,2025-12-17,day,,47,,unconfigured,info,758.0,1.0,758 actuations on an unconfigured channel
315,1,2025-12-17,day,,49,,unconfigured,info,1096.0,1.0,1096 actuations on an unconfigured channel
315,1,2025-12-17,day,,53,,unconfigured,info,7976.0,1.0,7976 actuations on an unconfigured channel
315,1,2025-12-17,day,,57,,unconfigured,info,936.0,1.0,936 actuations on an unconfigured channel
315,1,2025-12-17,day,,58,,unconfigured,info,481.0,1.0,481 actuations on an unconfigured channel
315,1,2025-12-17,day,,59,,unconfigured,info,476.0,1.0,476 actuations on an unconfigured channel
315,1,2025-12-17,day,,60,,unconfigured,info,564.0,1.0,564 actuations on an unconfigured channel
315,1,2025-12-17,day,,63,,unconfigured,info,1113.0,1.0,1113 actuations on an unconfigured channel
315,1,2026-01-08,day,,33,,unconfigured,info,1071.0,1.0,1071 actuations on an unconfigured channel
315,1,2026-01-08,day,,37,,unconfigured,info,7889.0,1.0,7889 actuations on an unconfigured channel
315,1,2026-01-08,day,,41,,unconfigured,info,742.0,1.0,742 actuations on an unconfigured channel
315,1,2026-01-08,day,,42,,unconfigured,info,993.0,1.0,993 actuations on an unconfigured channel
315,1,2026-01-08,day,,43,,unconfigured,info,1049.0,1.0,1049 actuations on an unconfigured channel
315,1,2026-01-08,day,,44,,unconfigured,info,540.0,1.0,540 actuations on an unconfigured channel
315,1,2026-01-08,day,,47,,unconfigured,info,1502.0,1.0,1502 actuations on an unconfigured channel
315,1,2026-01-08,day,,49,,unconfigured,info,1065.0,1.0,1065 actuations on an unconfigured channel
315,1,2026-01-08,day,,53,,unconfigured,info,8240.0,1.0,8240 actuations on an unconfigured channel
315,1,2026-01-08,day,,57,,unconfigured,info,903.0,1.0,903 actuations on an unconfigured channel
315,1,2026-01-08,day,,58,,unconfigured,info,534.0,1.0,534 actuations on an unconfigured channel
315,1,2026-01-08,day,,59,,unconfigured,info,526.0,1.0,526 actuations on an unconfigured channel
315,1,2026-01-08,day,,60,,unconfigured,info,500.0,1.0,500 actuations on an unconfigured channel
315,1,2026-01-08,day,,63,,unconfigured,info,1070.0,1.0,1070 actuations on an unconfigured channel
315,1,2026-01-09,day,,33,,unconfigured,info,1071.0,1.0,1071 actuations on an unconfigured channel
315,1,2026-01-09,day,,37,,unconfigured,info,8489.0,1.0,8489 actuations on an unconfigured channel
315,1,2026-01-09,day,,41,,unconfigured,info,889.0,1.0,889 actuations on an unconfigured channel
315,1,2026-01-09,day,,42,,unconfigured,info,996.0,1.0,996 actuations on an unconfigured channel
315,1,2026-01-09,day,,43,,unconfigured,info,1045.0,1.0,1045 actuations on an unconfigured channel
315,1,2026-01-09,day,,44,,unconfigured,info,483.0,1.0,483 actuations on an unconfigured channel
315,1,2026-01-09,day,,47,,unconfigured,info,1186.0,1.0,1186 actuations on an unconfigured channel
315,1,2026-01-09,day,,49,,unconfigured,info,1078.0,1.0,1078 actuations on an unconfigured channel
315,1,2026-01-09,day,,53,,unconfigured,info,8609.0,1.0,8609 actuations on an unconfigured channel
315,1,2026-01-09,day,,57,,unconfigured,info,885.0,1.0,885 actuations on an unconfigured channel
315,1,2026-01-09,day,,58,,unconfigured,info,503.0,1.0,503 actuations on an unconfigured channel
315,1,2026-01-09,day,,59,,unconfigured,info,503.0,1.0,503 actuations on an unconfigured channel
315,1,2026-01-09,day,,60,,unconfigured,info,518.0,1.0,518 actuations on an unconfigured channel
315,1,2026-01-09,day,,63,,unconfigured,info,1108.0,1.0,1108 actuations on an unconfigured channel
315,1,2026-01-10,day,,33,,unconfigured,info,918.0,1.0,918 actuations on an unconfigured channel
315,1,2026-01-10,day,,37,,unconfigured,info,6264.0,1.0,6264 actuations on an unconfigured channel
315,1,2026-01-10,day,,41,,unconfigured,info,531.0,1.0,531 actuations on an unconfigured channel
315,1,2026-01-10,day,,42,,unconfigured,info,855.0,1.0,855 actuations on an unconfigured channel
315,1,2026-01-10,day,,43,,unconfigured,info,912.0,1.0,912 actuations on an unconfigured channel
315,1,2026-01-10,day,,44,,unconfigured,info,432.0,1.0,432 actuations on an unconfigured channel
315,1,2026-01-10,day,,47,,unconfigured,info,823.0,1.0,823 actuations on an unconfigured channel
315,1,2026-01-10,day,,49,,unconfigured,info,1075.0,1.0,1075 actuations on an unconfigured channel
315,1,2026-01-10,day,,53,,unconfigured,info,6358.0,1.0,6358 actuations on an unconfigured channel
315,1,2026-01-10,day,,57,,unconfigured,info,750.0,1.0,750 actuations on an unconfigured channel
315,1,2026-01-10,day,,58,,unconfigured,info,416.0,1.0,416 actuations on an unconfigured channel
315,1,2026-01-10,day,,59,,unconfigured,info,545.0,1.0,545 actuations on an unconfigured channel
315,1,2026-01-10,day,,60,,unconfigured,info,446.0,1.0,446 actuations on an unconfigured channel
315,1,2026-01-10,day,,63,,unconfigured,info,1007.0,1.0,1007 actuations on an unconfigured channel
315,1,2026-01-11,day,,33,,unconfigured,info,774.0,1.0,774 actuations on an unconfigured channel
315,1,2026-01-11,day,,37,,unconfigured,info,4906.0,1.0,4906 actuations on an unconfigured channel
315,1,2026-01-11,day,,41,,unconfigured,info,461.0,1.0,461 actuations on an unconfigured channel
315,1,2026-01-11,day,,42,,unconfigured,info,650.0,1.0,650 actuations on an unconfigured channel
315,1,2026-01-11,day,,43,,unconfigured,info,692.0,1.0,692 actuations on an unconfigured channel
315,1,2026-01-11,day,,44,,unconfigured,info,407.0,1.0,407 actuations on an unconfigured channel
315,1,2026-01-11,day,,47,,unconfigured,info,690.0,1.0,690 actuations on an unconfigured channel
315,1,2026-01-11,day,,49,,unconfigured,info,978.0,1.0,978 actuations on an unconfigured channel
315,1,2026-01-11,day,,53,,unconfigured,info,4806.0,1.0,4806 actuations on an unconfigured channel
315,1,2026-01-11,day,,57,,unconfigured,info,570.0,1.0,570 actuations on an unconfigured channel
315,1,2026-01-11,day,,58,,unconfigured,info,386.0,1.0,386 actuations on an unconfigured channel
315,1,2026-01-11,day,,59,,unconfigured,info,559.0,1.0,559 actuations on an unconfigured channel
315,1,2026-01-11,day,,60,,unconfigured,info,437.0,1.0,437 actuations on an unconfigured channel
315,1,2026-01-11,day,,63,,unconfigured,info,875.0,1.0,875 actuations on an unconfigured channel
315,20,2025-12-10,day,,33,,unconfigured,info,695.0,20.0,695 actuations on an unconfigured channel
315,20,2025-12-10,day,,37,,unconfigured,info,6586.0,20.0,6586 actuations on an unconfigured channel
315,20,2025-12-10,day,,41,,unconfigured,info,662.0,20.0,662 actuations on an unconfigured channel
315,20,2025-12-10,day,,42,,unconfigured,info,920.0,20.0,920 actuations on an unconfigured channel
315,20,2025-12-10,day,,43,,unconfigured,info,975.0,20.0,975 actuations on an unconfigured channel
315,20,2025-12-10,day,,44,,unconfigured,info,562.0,20.0,562 actuations on an unconfigured channel
315,20,2025-12-10,day,,47,,unconfigured,info,733.0,20.0,733 actuations on an unconfigured channel
315,20,2025-12-10,day,,49,,unconfigured,info,1029.0,20.0,1029 actuations on an unconfigured channel
315,20,2025-12-10,day,,53,,unconfigured,info,7351.0,20.0,7351 actuations on an unconfigured channel
315,20,2025-12-10,day,,57,,unconfigured,info,830.0,20.0,830 actuations on an unconfigured channel
315,20,2025-12-10,day,,58,,unconfigured,info,453.0,20.0,453 actuations on an unconfigured channel
315,20,2025-12-10,day,,59,,unconfigured,info,460.0,20.0,460 actuations on an unconfigured channel
315,20,2025-12-10,day,,60,,unconfigured,info,452.0,20.0,452 actuations on an unconfigured channel
315,20,2025-12-10,day,,63,,unconfigured,info,962.0,20.0,962 actuations on an unconfigured channel
315,20,2025-12-14,day,,33,,unconfigured,info,368.0,20.0,368 actuations on an unconfigured channel
315,20,2025-12-14,day,,37,,unconfigured,info,4679.0,20.0,4679 actuations on an unconfigured channel
315,20,2025-12-14,day,,41,,unconfigured,info,375.0,20.0,375 actuations on an unconfigured channel
315,20,2025-12-14,day,,42,,unconfigured,info,693.0,20.0,693 actuations on an unconfigured channel
315,20,2025-12-14,day,,43,,unconfigured,info,714.0,20.0,714 actuations on an unconfigured channel
315,20,2025-12-14,day,,44,,unconfigured,info,515.0,20.0,515 actuations on an unconfigured channel
315,20,2025-12-14,day,,47,,unconfigured,info,363.0,20.0,363 actuations on an unconfigured channel
315,20,2025-12-14,day,,49,,unconfigured,info,908.0,20.0,908 actuations on an unconfigured channel
315,20,2025-12-14,day,,53,,unconfigured,info,4559.0,20.0,4559 actuations on an unconfigured channel
315,20,2025-12-14,day,,57,,unconfigured,info,577.0,20.0,577 actuations on an unconfigured channel
315,20,2025-12-14,day,,58,,unconfigured,info,342.0,20.0,342 actuations on an unconfigured channel
315,20,2025-12-14,day,,59,,unconfigured,info,332.0,20.0,332 actuations on an unconfigured channel
315,20,2025-12-14,day,,60,,unconfigured,info,431.0,20.0,431 actuations on an unconfigured channel
315,20,2025-12-14,day,,63,,unconfigured,info,859.0,20.0,859 actuations on an unconfigured channel
315,20,2025-12-15,day,,33,,unconfigured,info,718.0,20.0,718 actuations on an unconfigured channel
315,20,2025-12-15,day,,37,,unconfigured,info,6929.0,20.0,6929 actuations on an unconfigured channel
315,20,2025-12-15,day,,41,,unconfigured,info,667.0,20.0,667 actuations on an unconfigured channel
315,20,2025-12-15,day,,42,,unconfigured,info,894.0,20.0,894 actuations on an unconfigured channel
315,20,2025-12-15,day,,43,,unconfigured,info,928.0,20.0,928 actuations on an unconfigured channel
315,20,2025-12-15,day,,44,,unconfigured,info,793.0,20.0,793 actuations on an unconfigured channel
315,20,2025-12-15,day,,47,,unconfigured,info,486.0,20.0,486 actuations on an unconfigured channel
315,20,2025-12-15,day,,49,,unconfigured,info,1087.0,20.0,1087 actuations on an unconfigured channel
315,20,2025-12-15,day,,53,,unconfigured,info,7440.0,20.0,7440 actuations on an unconfigured channel
315,20,2025-12-15,day,,57,,unconfigured,info,850.0,20.0,850 actuations on an unconfigured channel
315,20,2025-12-15,day,,58,,unconfigured,info,461.0,20.0,461 actuations on an unconfigured channel
315,20,2025-12-15,day,,59,,unconfigured,info,469.0,20.0,469 actuations on an unconfigured channel
315,20,2025-12-15,day,,60,,unconfigured,info,509.0,20.0,509 actuations on an unconfigured channel
315,20,2025-12-15,day,,63,,unconfigured,info,993.0,20.0,993 actuations on an unconfigured channel
315,20,2025-12-16,day,,33,,unconfigured,info,738.0,20.0,738 actuations on an unconfigured channel
315,20,2025-12-16,day,,37,,unconfigured,info,7612.0,20.0,7612 actuations on an unconfigured channel
315,20,2025-12-16,day,,41,,unconfigured,info,793.0,20.0,793 actuations on an unconfigured channel
315,20,2025-12-16,day,,42,,unconfigured,info,898.0,20.0,898 actuations on an unconfigured channel
315,20,2025-12-16,day,,43,,unconfigured,info,938.0,20.0,938 actuations on an unconfigured channel
315,20,2025-12-16,day,,44,,unconfigured,info,839.0,20.0,839 actuations on an unconfigured channel
315,20,2025-12-16,day,,47,,unconfigured,info,570.0,20.0,570 actuations on an unconfigured channel
315,20,2025-12-16,day,,49,,unconfigured,info,1105.0,20.0,1105 actuations on an unconfigured channel
315,20,2025-12-16,day,,53,,unconfigured,info,8088.0,20.0,8088 actuations on an unconfigured channel
315,20,2025-12-16,day,,57,,unconfigured,info,896.0,20.0,896 actuations on an unconfigured channel
315,20,2025-12-16,day,,58,,unconfigured,info,495.0,20.0,495 actuations on an unconfigured channel
315,20,2025-12-16,day,,59,,unconfigured,info,507.0,20.0,507 actuations on an unconfigured channel
315,20,2025-12-16,day,,60,,unconfigured,info,512.0,20.0,512 actuations on an unconfigured channel
315,20,2025-12-16,day,,63,,unconfigured,info,1018.0,20.0,1018 actuations on an unconfigured channel
315,20,2025-12-17,day,,33,,unconfigured,info,739.0,20.0,739 actuations on an unconfigured channel
315,20,2025-12-17,day,,37,,unconfigured,info,7360.0,20.0,7360 actuations on an unconfigured channel
315,20,2025-12-17,day,,41,,unconfigured,info,686.0,20.0,686 actuations on an unconfigured channel
315,20,2025-12-17,day,,42,,unconfigured,info,998.0,20.0,998 actuations on an unconfigured channel
315,20,2025-12-17,day,,43,,unconfigured,info,1038.0,20.0,1038 actuations on an unconfigured channel
315,20,2025-12-17,day,,44,,unconfigured,info,584.0,20.0,584 actuations on an unconfigured channel
315,20,2025-12-17,day,,47,,unconfigured,info,758.0,20.0,758 actuations on an unconfigured channel
315,20,2025-12-17,day,,49,,unconfigured,info,1096.0,20.0,1096 actuations on an unconfigured channel
315,20,2025-12-17,day,,53,,unconfigured,info,7976.0,20.0,7976 actuations on an unconfigured channel
315,20,2025-12-17,day,,57,,unconfigured,info,936.0,20.0,936 actuations on an unconfigured channel
315,20,2025-12-17,day,,58,,unconfigured,info,481.0,20.0,481 actuations on an unconfigured channel
315,20,2025-12-17,day,,59,,unconfigured,info,476.0,20.0,476 actuations on an unconfigured channel
315,20,2025-12-17,day,,60,,unconfigured,info,564.0,20.0,564 actuations on an unconfigured channel
315,20,2025-12-17,day,,63,,unconfigured,info,1113.0,20.0,1113 actuations on an unconfigured channel
315,20,2026-01-08,day,,33,,unconfigured,info,1071.0,20.0,1071 actuations on an unconfigured channel
315,20,2026-01-08,day,,37,,unconfigured,info,7889.0,20.0,7889 actuations on an unconfigured channel
315,20,2026-01-08,day,,41,,unconfigured,info,742.0,20.0,742 actuations on an unconfigured channel
315,20,2026-01-08,day,,42,,unconfigured,info,993.0,20.0,993 actuations on an unconfigured channel
315,20,2026-01-08,day,,43,,unconfigured,info,1049.0,20.0,1049 actuations on an unconfigured channel
315,20,2026-01-08,day,,44,,unconfigured,info,540.0,20.0,540 actuations on an unconfigured channel
315,20,2026-01-08,day,,47,,unconfigured,info,1502.0,20.0,1502 actuations on an unconfigured channel
315,20,2026-01-08,day,,49,,unconfigured,info,1065.0,20.0,1065 actuations on an unconfigured channel
315,20,2026-01-08,day,,53,,unconfigured,info,8240.0,20.0,8240 actuations on an unconfigured channel
315,20,2026-01-08,day,,57,,unconfigured,info,903.0,20.0,903 actuations on an unconfigured channel
315,20,2026-01-08,day,,58,,unconfigured,info,534.0,20.0,534 actuations on an unconfigured channel
315,20,2026-01-08,day,,59,,unconfigured,info,526.0,20.0,526 actuations on an unconfigured channel
315,20,2026-01-08,day,,60,,unconfigured,info,500.0,20.0,500 actuations on an unconfigured channel
315,20,2026-01-08,day,,63,,unconfigured,info,1070.0,20.0,1070 actuations on an unconfigured channel
315,20,2026-01-09,day,,33,,unconfigured,info,1071.0,20.0,1071 actuations on an unconfigured channel
315,20,2026-01-09,day,,37,,unconfigured,info,8489.0,20.0,8489 actuations on an unconfigured channel
315,20,2026-01-09,day,,41,,unconfigured,info,889.0,20.0,889 actuations on an unconfigured channel
315,20,2026-01-09,day,,42,,unconfigured,info,996.0,20.0,996 actuations on an unconfigured channel
315,20,2026-01-09,day,,43,,unconfigured,info,1045.0,20.0,1045 actuations on an unconfigured channel
315,20,2026-01-09,day,,44,,unconfigured,info,483.0,20.0,483 actuations on an unconfigured channel
315,20,2026-01-09,day,,47,,unconfigured,info,1186.0,20.0,1186 actuations on an unconfigured channel
315,20,2026-01-09,day,,49,,unconfigured,info,1078.0,20.0,1078 actuations on an unconfigured channel
315,20,2026-01-09,day,,53,,unconfigured,info,8609.0,20.0,8609 actuations on an unconfigured channel
315,20,2026-01-09,day,,57,,unconfigured,info,885.0,20.0,885 actuations on an unconfigured channel
315,20,2026-01-09,day,,58,,unconfigured,info,503.0,20.0,503 actuations on an unconfigured channel
315,20,2026-01-09,day,,59,,unconfigured,info,503.0,20.0,503 actuations on an unconfigured channel
315,20,2026-01-09,day,,60,,unconfigured,info,518.0,20.0,518 actuations on an unconfigured channel
315,20,2026-01-09,day,,63,,unconfigured,info,1108.0,20.0,1108 actuations on an unconfigured channel
315,20,2026-01-10,day,,33,,unconfigured,info,918.0,20.0,918 actuations on an unconfigured channel
315,20,2026-01-10,day,,37,,unconfigured,info,6264.0,20.0,6264 actuations on an unconfigured channel
315,20,2026-01-10,day,,41,,unconfigured,info,531.0,20.0,531 actuations on an unconfigured channel
315,20,2026-01-10,day,,42,,unconfigured,info,855.0,20.0,855 actuations on an unconfigured channel
315,20,2026-01-10,day,,43,,unconfigured,info,912.0,20.0,912 actuations on an unconfigured channel
315,20,2026-01-10,day,,44,,unconfigured,info,432.0,20.0,432 actuations on an unconfigured channel
315,20,2026-01-10,day,,47,,unconfigured,info,823.0,20.0,823 actuations on an unconfigured channel
315,20,2026-01-10,day,,49,,unconfigured,info,1075.0,20.0,1075 actuations on an unconfigured channel
315,20,2026-01-10,day,,53,,unconfigured,info,6358.0,20.0,6358 actuations on an unconfigured channel
315,20,2026-01-10,day,,57,,unconfigured,info,750.0,20.0,750 actuations on an unconfigured channel
315,20,2026-01-10,day,,58,,unconfigured,info,416.0,20.0,416 actuations on an unconfigured channel
315,20,2026-01-10,day,,59,,unconfigured,info,545.0,20.0,545 actuations on an unconfigured channel
315,20,2026-01-10,day,,60,,unconfigured,info,446.0,20.0,446 actuations on an unconfigured channel
315,20,2026-01-10,day,,63,,unconfigured,info,1007.0,20.0,1007 actuations on an unconfigured channel
315,20,2026-01-11,day,,33,,unconfigured,info,774.0,20.0,774 actuations on an unconfigured channel
315,20,2026-01-11,day,,37,,unconfigured,info,4906.0,20.0,4906 actuations on an unconfigured channel
315,20,2026-01-11,day,,41,,unconfigured,info,461.0,20.0,461 actuations on an unconfigured channel
315,20,2026-01-11,day,,42,,unconfigured,info,650.0,20.0,650 actuations on an unconfigured channel
315,20,2026-01-11,day,,43,,unconfigured,info,692.0,20.0,692 actuations on an unconfigured channel
315,20,2026-01-11,day,,44,,unconfigured,info,407.0,20.0,407 actuations on an unconfigured channel
315,20,2026-01-11,day,,47,,unconfigured,info,690.0,20.0,690 actuations on an unconfigured channel
315,20,2026-01-11,day,,49,,unconfigured,info,978.0,20.0,978 actuations on an unconfigured channel
315,20,2026-01-11,day,,53,,unconfigured,info,4806.0,20.0,4806 actuations on an unconfigured channel
315,20,2026-01-11,day,,57,,unconfigured,info,570.0,20.0,570 actuations on an unconfigured channel
315,20,2026-01-11,day,,58,,unconfigured,info,386.0,20.0,386 actuations on an unconfigured channel
315,20,2026-01-11,day,,59,,unconfigured,info,559.0,20.0,559 actuations on an unconfigured channel
315,20,2026-01-11,day,,60,,unconfigured,info,437.0,20.0,437 actuations on an unconfigured channel
315,20,2026-01-11,day,,63,,unconfigured,info,875.0,20.0,875 actuations on an unconfigured channel
315,100,2025-12-10,day,,33,,unconfigured,info,695.0,100.0,695 actuations on an unconfigured channel
315,100,2025-12-10,day,,37,,unconfigured,info,6586.0,100.0,6586 actuations on an unconfigured channel
315,100,2025-12-10,day,,41,,unconfigured,info,662.0,100.0,662 actuations on an unconfigured channel
315,100,2025-12-10,day,,42,,unconfigured,info,920.0,100.0,920 actuations on an unconfigured channel
315,100,2025-12-10,day,,43,,unconfigured,info,975.0,100.0,975 actuations on an unconfigured channel
315,100,2025-12-10,day,,44,,unconfigured,info,562.0,100.0,562 actuations on an unconfigured channel
315,100,2025-12-10,day,,47,,unconfigured,info,733.0,100.0,733 actuations on an unconfigured channel
315,100,2025-12-10,day,,49,,unconfigured,info,1029.0,100.0,1029 actuations on an unconfigured channel
315,100,2025-12-10,day,,53,,unconfigured,info,7351.0,100.0,7351 actuations on an unconfigured channel
315,100,2025-12-10,day,,57,,unconfigured,info,830.0,100.0,830 actuations on an unconfigured channel
315,100,2025-12-10,day,,58,,unconfigured,info,453.0,100.0,453 actuations on an unconfigured channel
315,100,2025-12-10,day,,59,,unconfigured,info,460.0,100.0,460 actuations on an unconfigured channel
315,100,2025-12-10,day,,60,,unconfigured,info,452.0,100.0,452 actuations on an unconfigured channel
315,100,2025-12-10,day,,63,,unconfigured,info,962.0,100.0,962 actuations on an unconfigured channel
315,100,2025-12-14,day,,33,,unconfigured,info,368.0,100.0,368 actuations on an unconfigured channel
315,100,2025-12-14,day,,37,,unconfigured,info,4679.0,100.0,4679 actuations on an unconfigured channel
315,100,2025-12-14,day,,41,,unconfigured,info,375.0,100.0,375 actuations on an unconfigured channel
315,100,2025-12-14,day,,42,,unconfigured,info,693.0,100.0,693 actuations on an unconfigured channel
315,100,2025-12-14,day,,43,,unconfigured,info,714.0,100.0,714 actuations on an unconfigured channel
315,100,2025-12-14,day,,44,,unconfigured,info,515.0,100.0,515 actuations on an unconfigured channel
315,100,2025-12-14,day,,47,,unconfigured,info,363.0,100.0,363 actuations on an unconfigured channel
315,100,2025-12-14,day,,49,,unconfigured,info,908.0,100.0,908 actuations on an unconfigured channel
315,100,2025-12-14,day,,53,,unconfigured,info,4559.0,100.0,4559 actuations on an unconfigured channel
315,100,2025-12-14,day,,57,,unconfigured,info,577.0,100.0,577 actuations on an unconfigured channel
315,100,2025-12-14,day,,58,,unconfigured,info,342.0,100.0,342 actuations on an unconfigured channel
315,100,2025-12-14,day,,59,,unconfigured,info,332.0,100.0,332 actuations on an unconfigured channel
315,100,2025-12-14,day,,60,,unconfigured,info,431.0,100.0,431 actuations on an unconfigured channel
315,100,2025-12-14,day,,63,,unconfigured,info,859.0,100.0,859 actuations on an unconfigured channel
315,100,2025-12-15,day,,33,,unconfigured,info,718.0,100.0,718 actuations on an unconfigured channel
315,100,2025-12-15,day,,37,,unconfigured,info,6929.0,100.0,6929 actuations on an unconfigured channel
315,100,2025-12-15,day,,41,,unconfigured,info,667.0,100.0,667 actuations on an unconfigured channel
315,100,2025-12-15,day,,42,,unconfigured,info,894.0,100.0,894 actuations on an unconfigured channel
315,100,2025-12-15,day,,43,,unconfigured,info,928.0,100.0,928 actuations on an unconfigured channel
315,100,2025-12-15,day,,44,,unconfigured,info,793.0,100.0,793 actuations on an unconfigured channel
315,100,2025-12-15,day,,47,,unconfigured,info,486.0,100.0,486 actuations on an unconfigured channel
315,100,2025-12-15,day,,49,,unconfigured,info,1087.0,100.0,1087 actuations on an unconfigured channel
315,100,2025-12-15,day,,53,,unconfigured,info,7440.0,100.0,7440 actuations on an unconfigured channel
315,100,2025-12-15,day,,57,,unconfigured,info,850.0,100.0,850 actuations on an unconfigured channel
315,100,2025-12-15,day,,58,,unconfigured,info,461.0,100.0,461 actuations on an unconfigured channel
315,100,2025-12-15,day,,59,,unconfigured,info,469.0,100.0,469 actuations on an unconfigured channel
315,100,2025-12-15,day,,60,,unconfigured,info,509.0,100.0,509 actuations on an unconfigured channel
315,100,2025-12-15,day,,63,,unconfigured,info,993.0,100.0,993 actuations on an unconfigured channel
315,100,2025-12-16,day,,33,,unconfigured,info,738.0,100.0,738 actuations on an unconfigured channel
315,100,2025-12-16,day,,37,,unconfigured,info,7612.0,100.0,7612 actuations on an unconfigured channel
315,100,2025-12-16,day,,41,,unconfigured,info,793.0,100.0,793 actuations on an unconfigured channel
315,100,2025-12-16,day,,42,,unconfigured,info,898.0,100.0,898 actuations on an unconfigured channel
315,100,2025-12-16,day,,43,,unconfigured,info,938.0,100.0,938 actuations on an unconfigured channel
315,100,2025-12-16,day,,44,,unconfigured,info,839.0,100.0,839 actuations on an unconfigured channel
315,100,2025-12-16,day,,47,,unconfigured,info,570.0,100.0,570 actuations on an unconfigured channel
315,100,2025-12-16,day,,49,,unconfigured,info,1105.0,100.0,1105 actuations on an unconfigured channel
315,100,2025-12-16,day,,53,,unconfigured,info,8088.0,100.0,8088 actuations on an unconfigured channel
315,100,2025-12-16,day,,57,,unconfigured,info,896.0,100.0,896 actuations on an unconfigured channel
315,100,2025-12-16,day,,58,,unconfigured,info,495.0,100.0,495 actuations on an unconfigured channel
315,100,2025-12-16,day,,59,,unconfigured,info,507.0,100.0,507 actuations on an unconfigured channel
315,100,2025-12-16,day,,60,,unconfigured,info,512.0,100.0,512 actuations on an unconfigured channel
315,100,2025-12-16,day,,63,,unconfigured,info,1018.0,100.0,1018 actuations on an unconfigured channel
315,100,2025-12-17,day,,33,,unconfigured,info,739.0,100.0,739 actuations on an unconfigured channel
315,100,2025-12-17,day,,37,,unconfigured,info,7360.0,100.0,7360 actuations on an unconfigured channel
315,100,2025-12-17,day,,41,,unconfigured,info,686.0,100.0,686 actuations on an unconfigured channel
315,100,2025-12-17,day,,42,,unconfigured,info,998.0,100.0,998 actuations on an unconfigured channel
315,100,2025-12-17,day,,43,,unconfigured,info,1038.0,100.0,1038 actuations on an unconfigured channel
315,100,2025-12-17,day,,44,,unconfigured,info,584.0,100.0,584 actuations on an unconfigured channel
315,100,2025-12-17,day,,47,,unconfigured,info,758.0,100.0,758 actuations on an unconfigured channel
315,100,2025-12-17,day,,49,,unconfigured,info,1096.0,100.0,1096 actuations on an unconfigured channel
315,100,2025-12-17,day,,53,,unconfigured,info,7976.0,100.0,7976 actuations on an unconfigured channel
315,100,2025-12-17,day,,57,,unconfigured,info,936.0,100.0,936 actuations on an unconfigured channel
315,100,2025-12-17,day,,58,,unconfigured,info,481.0,100.0,481 actuations on an unconfigured channel
315,100,2025-12-17,day,,59,,unconfigured,info,476.0,100.0,476 actuations on an unconfigured channel
315,100,2025-12-17,day,,60,,unconfigured,info,564.0,100.0,564 actuations on an unconfigured channel
315,100,2025-12-17,day,,63,,unconfigured,info,1113.0,100.0,1113 actuations on an unconfigured channel
315,100,2026-01-08,day,,33,,unconfigured,info,1071.0,100.0,1071 actuations on an unconfigured channel
315,100,2026-01-08,day,,37,,unconfigured,info,7889.0,100.0,7889 actuations on an unconfigured channel
315,100,2026-01-08,day,,41,,unconfigured,info,742.0,100.0,742 actuations on an unconfigured channel
315,100,2026-01-08,day,,42,,unconfigured,info,993.0,100.0,993 actuations on an unconfigured channel
315,100,2026-01-08,day,,43,,unconfigured,info,1049.0,100.0,1049 actuations on an unconfigured channel
315,100,2026-01-08,day,,44,,unconfigured,info,540.0,100.0,540 actuations on an unconfigured channel
315,100,2026-01-08,day,,47,,unconfigured,info,1502.0,100.0,1502 actuations on an unconfigured channel
315,100,2026-01-08,day,,49,,unconfigured,info,1065.0,100.0,1065 actuations on an unconfigured channel
315,100,2026-01-08,day,,53,,unconfigured,info,8240.0,100.0,8240 actuations on an unconfigured channel
315,100,2026-01-08,day,,57,,unconfigured,info,903.0,100.0,903 actuations on an unconfigured channel
315,100,2026-01-08,day,,58,,unconfigured,info,534.0,100.0,534 actuations on an unconfigured channel
315,100,2026-01-08,day,,59,,unconfigured,info,526.0,100.0,526 actuations on an unconfigured channel
315,100,2026-01-08,day,,60,,unconfigured,info,500.0,100.0,500 actuations on an unconfigured channel
315,100,2026-01-08,day,,63,,unconfigured,info,1070.0,100.0,1070 actuations on an unconfigured channel
315,100,2026-01-09,day,,33,,unconfigured,info,1071.0,100.0,1071 actuations on an unconfigured channel
315,100,2026-01-09,day,,37,,unconfigured,info,8489.0,100.0,8489 actuations on an unconfigured channel
315,100,2026-01-09,day,,41,,unconfigured,info,889.0,100.0,889 actuations on an unconfigured channel
315,100,2026-01-09,day,,42,,unconfigured,info,996.0,100.0,996 actuations on an unconfigured channel
315,100,2026-01-09,day,,43,,unconfigured,info,1045.0,100.0,1045 actuations on an unconfigured channel
315,100,2026-01-09,day,,44,,unconfigured,info,483.0,100.0,483 actuations on an unconfigured channel
315,100,2026-01-09,day,,47,,unconfigured,info,1186.0,100.0,1186 actuations on an unconfigured channel
315,100,2026-01-09,day,,49,,unconfigured,info,1078.0,100.0,1078 actuations on an unconfigured channel
315,100,2026-01-09,day,,53,,unconfigured,info,8609.0,100.0,8609 actuations on an unconfigured channel
315,100,2026-01-09,day,,57,,unconfigured,info,885.0,100.0,885 actuations on an unconfigured channel
315,100,2026-01-09,day,,58,,unconfigured,info,503.0,100.0,503 actuations on an unconfigured channel
315,100,2026-01-09,day,,59,,unconfigured,info,503.0,100.0,503 actuations on an unconfigured channel
315,100,2026-01-09,day,,60,,unconfigured,info,518.0,100.0,518 actuations on an unconfigured channel
315,100,2026-01-09,day,,63,,unconfigured,info,1108.0,100.0,1108 actuations on an unconfigured channel
315,100,2026-01-10,day,,33,,unconfigured,info,918.0,100.0,918 actuations on an unconfigured channel
315,100,2026-01-10,day,,37,,unconfigured,info,6264.0,100.0,6264 actuations on an unconfigured channel
315,100,2026-01-10,day,,41,,unconfigured,info,531.0,100.0,531 actuations on an unconfigured channel
315,100,2026-01-10,day,,42,,unconfigured,info,855.0,100.0,855 actuations on an unconfigured channel
315,100,2026-01-10,day,,43,,unconfigured,info,912.0,100.0,912 actuations on an unconfigured channel
315,100,2026-01-10,day,,44,,unconfigured,info,432.0,100.0,432 actuations on an unconfigured channel
315,100,2026-01-10,day,,47,,unconfigured,info,823.0,100.0,823 actuations on an unconfigured channel
315,100,2026-01-10,day,,49,,unconfigured,info,1075.0,100.0,1075 actuations on an unconfigured channel
315,100,2026-01-10,day,,53,,unconfigured,info,6358.0,100.0,6358 actuations on an unconfigured channel
315,100,2026-01-10,day,,57,,unconfigured,info,750.0,100.0,750 actuations on an unconfigured channel
315,100,2026-01-10,day,,58,,unconfigured,info,416.0,100.0,416 actuations on an unconfigured channel
315,100,2026-01-10,day,,59,,unconfigured,info,545.0,100.0,545 actuations on an unconfigured channel
315,100,2026-01-10,day,,60,,unconfigured,info,446.0,100.0,446 actuations on an unconfigured channel
315,100,2026-01-10,day,,63,,unconfigured,info,1007.0,100.0,1007 actuations on an unconfigured channel
315,100,2026-01-11,day,,33,,unconfigured,info,774.0,100.0,774 actuations on an unconfigured channel
315,100,2026-01-11,day,,37,,unconfigured,info,4906.0,100.0,4906 actuations on an unconfigured channel
315,100,2026-01-11,day,,41,,unconfigured,info,461.0,100.0,461 actuations on an unconfigured channel
315,100,2026-01-11,day,,42,,unconfigured,info,650.0,100.0,650 actuations on an unconfigured channel
315,100,2026-01-11,day,,43,,unconfigured,info,692.0,100.0,692 actuations on an unconfigured channel
315,100,2026-01-11,day,,44,,unconfigured,info,407.0,100.0,407 actuations on an unconfigured channel
315,100,2026-01-11,day,,47,,unconfigured,info,690.0,100.0,690 actuations on an unconfigured channel
315,100,2026-01-11,day,,49,,unconfigured,info,978.0,100.0,978 actuations on an unconfigured channel
315,100,2026-01-11,day,,53,,unconfigured,info,4806.0,100.0,4806 actuations on an unconfigured channel
315,100,2026-01-11,day,,57,,unconfigured,info,570.0,100.0,570 actuations on an unconfigured channel
315,100,2026-01-11,day,,58,,unconfigured,info,386.0,100.0,386 actuations on an unconfigured channel
315,100,2026-01-11,day,,59,,unconfigured,info,559.0,100.0,559 actuations on an unconfigured channel
315,100,2026-01-11,day,,60,,unconfigured,info,437.0,100.0,437 actuations on an unconfigured channel
315,100,2026-01-11,day,,63,,unconfigured,info,875.0,100.0,875 actuations on an unconfigured channel
701,1,2026-02-24,day,,1,,unconfigured,info,5101.0,1.0,5101 actuations on an unconfigured channel
701,1,2026-02-24,day,,5,,unconfigured,info,3025.0,1.0,3025 actuations on an unconfigured channel
701,1,2026-02-24,day,,8,,unconfigured,info,1.0,1.0,1 actuations on an unconfigured channel
701,1,2026-02-24,day,,17,,unconfigured,info,2565.0,1.0,2565 actuations on an unconfigured channel
701,1,2026-02-24,day,,35,,unconfigured,info,1726.0,1.0,1726 actuations on an unconfigured channel
701,1,2026-02-24,day,,52,,unconfigured,info,1877.0,1.0,1877 actuations on an unconfigured channel
701,1,2026-02-24,day,,64,,unconfigured,info,568.0,1.0,568 actuations on an unconfigured channel
701,1,2026-02-25,day,,1,,unconfigured,info,5407.0,1.0,5407 actuations on an unconfigured channel
701,1,2026-02-25,day,,5,,unconfigured,info,3562.0,1.0,3562 actuations on an unconfigured channel
701,1,2026-02-25,day,,17,,unconfigured,info,2221.0,1.0,2221 actuations on an unconfigured channel
701,1,2026-02-25,day,,35,,unconfigured,info,1698.0,1.0,1698 actuations on an unconfigured channel
701,1,2026-02-25,day,,52,,unconfigured,info,1912.0,1.0,1912 actuations on an unconfigured channel
701,1,2026-02-25,day,,64,,unconfigured,info,621.0,1.0,621 actuations on an unconfigured channel
701,1,2026-02-26,day,,1,,unconfigured,info,5529.0,1.0,5529 actuations on an unconfigured channel
701,1,2026-02-26,day,,5,,unconfigured,info,3784.0,1.0,3784 actuations on an unconfigured channel
701,1,2026-02-26,day,,17,,unconfigured,info,2518.0,1.0,2518 actuations on an unconfigured channel
701,1,2026-02-26,day,,35,,unconfigured,info,1724.0,1.0,1724 actuations on an unconfigured channel
701,1,2026-02-26,day,,52,,unconfigured,info,1901.0,1.0,1901 actuations on an unconfigured channel
701,1,2026-02-26,day,,64,,unconfigured,info,625.0,1.0,625 actuations on an unconfigured channel
701,1,2026-02-27,day,,1,,unconfigured,info,5838.0,1.0,5838 actuations on an unconfigured channel
701,1,2026-02-27,day,,5,,unconfigured,info,3853.0,1.0,3853 actuations on an unconfigured channel
701,1,2026-02-27,day,,17,,unconfigured,info,2441.0,1.0,2441 actuations on an unconfigured channel
701,1,2026-02-27,day,,35,,unconfigured,info,1750.0,1.0,1750 actuations on an unconfigured channel
701,1,2026-02-27,day,,52,,unconfigured,info,1809.0,1.0,1809 actuations on an unconfigured channel
701,1,2026-02-27,day,,64,,unconfigured,info,603.0,1.0,603 actuations on an unconfigured channel
701,1,2026-02-28,day,,1,,unconfigured,info,4610.0,1.0,4610 actuations on an unconfigured channel
701,1,2026-02-28,day,,5,,unconfigured,info,2719.0,1.0,2719 actuations on an unconfigured channel
701,1,2026-02-28,day,,17,,unconfigured,info,2196.0,1.0,2196 actuations on an unconfigured channel
701,1,2026-02-28,day,,35,,unconfigured,info,1578.0,1.0,1578 actuations on an unconfigured channel
701,1,2026-02-28,day,,52,,unconfigured,info,1828.0,1.0,1828 actuations on an unconfigured channel
701,1,2026-02-28,day,,64,,unconfigured,info,457.0,1.0,457 actuations on an unconfigured channel
701,1,2026-06-13,day,,35,,unconfigured,info,988.0,1.0,988 actuations on an unconfigured channel
701,1,2026-06-13,day,,52,,unconfigured,info,6031.0,1.0,6031 actuations on an unconfigured channel
701,1,2026-06-13,day,,64,,unconfigured,info,3185.0,1.0,3185 actuations on an unconfigured channel
701,1,2026-06-14,day,,35,,unconfigured,info,983.0,1.0,983 actuations on an unconfigured channel
701,1,2026-06-14,day,,52,,unconfigured,info,5125.0,1.0,5125 actuations on an unconfigured channel
701,1,2026-06-14,day,,64,,unconfigured,info,2597.0,1.0,2597 actuations on an unconfigured channel
701,1,2026-06-15,day,,35,,unconfigured,info,1265.0,1.0,1265 actuations on an unconfigured channel
701,1,2026-06-15,day,,52,,unconfigured,info,6976.0,1.0,6976 actuations on an unconfigured channel
701,1,2026-06-15,day,,64,,unconfigured,info,3972.0,1.0,3972 actuations on an unconfigured channel
701,1,2026-06-16,day,,35,,unconfigured,info,1293.0,1.0,1293 actuations on an unconfigured channel
701,1,2026-06-16,day,,52,,unconfigured,info,7052.0,1.0,7052 actuations on an unconfigured channel
701,1,2026-06-16,day,,64,,unconfigured,info,3950.0,1.0,3950 actuations on an unconfigured channel
701,20,2026-02-24,day,,1,,unconfigured,info,5101.0,20.0,5101 actuations on an unconfigured channel
701,20,2026-02-24,day,,5,,unconfigured,info,3025.0,20.0,3025 actuations on an unconfigured channel
701,20,2026-02-24,day,,17,,unconfigured,info,2565.0,20.0,2565 actuations on an unconfigured channel
701,20,2026-02-24,day,,35,,unconfigured,info,1726.0,20.0,1726 actuations on an unconfigured channel
701,20,2026-02-24,day,,52,,unconfigured,info,1877.0,20.0,1877 actuations on an unconfigured channel
701,20,2026-02-24,day,,64,,unconfigured,info,568.0,20.0,568 actuations on an unconfigured channel
701,20,2026-02-25,day,,1,,unconfigured,info,5407.0,20.0,5407 actuations on an unconfigured channel
701,20,2026-02-25,day,,5,,unconfigured,info,3562.0,20.0,3562 actuations on an unconfigured channel
701,20,2026-02-25,day,,17,,unconfigured,info,2221.0,20.0,2221 actuations on an unconfigured channel
701,20,2026-02-25,day,,35,,unconfigured,info,1698.0,20.0,1698 actuations on an unconfigured channel
701,20,2026-02-25,day,,52,,unconfigured,info,1912.0,20.0,1912 actuations on an unconfigured channel
701,20,2026-02-25,day,,64,,unconfigured,info,621.0,20.0,621 actuations on an unconfigured channel
701,20,2026-02-26,day,,1,,unconfigured,info,5529.0,20.0,5529 actuations on an unconfigured channel
701,20,2026-02-26,day,,5,,unconfigured,info,3784.0,20.0,3784 actuations on an unconfigured channel
701,20,2026-02-26,day,,17,,unconfigured,info,2518.0,20.0,2518 actuations on an unconfigured channel
701,20,2026-02-26,day,,35,,unconfigured,info,1724.0,20.0,1724 actuations on an unconfigured channel
701,20,2026-02-26,day,,52,,unconfigured,info,1901.0,20.0,1901 actuations on an unconfigured channel
701,20,2026-02-26,day,,64,,unconfigured,info,625.0,20.0,625 actuations on an unconfigured channel
701,20,2026-02-27,day,,1,,unconfigured,info,5838.0,20.0,5838 actuations on an unconfigured channel
701,20,2026-02-27,day,,5,,unconfigured,info,3853.0,20.0,3853 actuations on an unconfigured channel
701,20,2026-02-27,day,,17,,unconfigured,info,2441.0,20.0,2441 actuations on an unconfigured channel
701,20,2026-02-27,day,,35,,unconfigured,info,1750.0,20.0,1750 actuations on an unconfigured channel
701,20,2026-02-27,day,,52,,unconfigured,info,1809.0,20.0,1809 actuations on an unconfigured channel
701,20,2026-02-27,day,,64,,unconfigured,info,603.0,20.0,603 actuations on an unconfigured channel
701,20,2026-02-28,day,,1,,unconfigured,info,4610.0,20.0,4610 actuations on an unconfigured channel
701,20,2026-02-28,day,,5,,unconfigured,info,2719.0,20.0,2719 actuations on an unconfigured channel
701,20,2026-02-28,day,,17,,unconfigured,info,2196.0,20.0,2196 actuations on an unconfigured channel
701,20,2026-02-28,day,,35,,unconfigured,info,1578.0,20.0,1578 actuations on an unconfigured channel
701,20,2026-02-28,day,,52,,unconfigured,info,1828.0,20.0,1828 actuations on an unconfigured channel
701,20,2026-02-28,day,,64,,unconfigured,info,457.0,20.0,457 actuations on an unconfigured channel
701,20,2026-06-13,day,,35,,unconfigured,info,988.0,20.0,988 actuations on an unconfigured channel
701,20,2026-06-13,day,,52,,unconfigured,info,6031.0,20.0,6031 actuations on an unconfigured channel
701,20,2026-06-13,day,,64,,unconfigured,info,3185.0,20.0,3185 actuations on an unconfigured channel
701,20,2026-06-14,day,,35,,unconfigured,info,983.0,20.0,983 actuations on an unconfigured channel
701,20,2026-06-14,day,,52,,unconfigured,info,5125.0,20.0,5125 actuations on an unconfigured channel
701,20,2026-06-14,day,,64,,unconfigured,info,2597.0,20.0,2597 actuations on an unconfigured channel
701,20,2026-06-15,day,,35,,unconfigured,info,1265.0,20.0,1265 actuations on an unconfigured channel
701,20,2026-06-15,day,,52,,unconfigured,info,6976.0,20.0,6976 actuations on an unconfigured channel
701,20,2026-06-15,day,,64,,unconfigured,info,3972.0,20.0,3972 actuations on an unconfigured channel
701,20,2026-06-16,day,,35,,unconfigured,info,1293.0,20.0,1293 actuations on an unconfigured channel
701,20,2026-06-16,day,,52,,unconfigured,info,7052.0,20.0,7052 actuations on an unconfigured channel
701,20,2026-06-16,day,,64,,unconfigured,info,3950.0,20.0,3950 actuations on an unconfigured channel
701,100,2026-02-24,day,,1,,unconfigured,info,5101.0,100.0,5101 actuations on an unconfigured channel
701,100,2026-02-24,day,,5,,unconfigured,info,3025.0,100.0,3025 actuations on an unconfigured channel
701,100,2026-02-24,day,,17,,unconfigured,info,2565.0,100.0,2565 actuations on an unconfigured channel
701,100,2026-02-24,day,,35,,unconfigured,info,1726.0,100.0,1726 actuations on an unconfigured channel
701,100,2026-02-24,day,,52,,unconfigured,info,1877.0,100.0,1877 actuations on an unconfigured channel
701,100,2026-02-24,day,,64,,unconfigured,info,568.0,100.0,568 actuations on an unconfigured channel
701,100,2026-02-25,day,,1,,unconfigured,info,5407.0,100.0,5407 actuations on an unconfigured channel
701,100,2026-02-25,day,,5,,unconfigured,info,3562.0,100.0,3562 actuations on an unconfigured channel
701,100,2026-02-25,day,,17,,unconfigured,info,2221.0,100.0,2221 actuations on an unconfigured channel
701,100,2026-02-25,day,,35,,unconfigured,info,1698.0,100.0,1698 actuations on an unconfigured channel
701,100,2026-02-25,day,,52,,unconfigured,info,1912.0,100.0,1912 actuations on an unconfigured channel
701,100,2026-02-25,day,,64,,unconfigured,info,621.0,100.0,621 actuations on an unconfigured channel
701,100,2026-02-26,day,,1,,unconfigured,info,5529.0,100.0,5529 actuations on an unconfigured channel
701,100,2026-02-26,day,,5,,unconfigured,info,3784.0,100.0,3784 actuations on an unconfigured channel
701,100,2026-02-26,day,,17,,unconfigured,info,2518.0,100.0,2518 actuations on an unconfigured channel
701,100,2026-02-26,day,,35,,unconfigured,info,1724.0,100.0,1724 actuations on an unconfigured channel
701,100,2026-02-26,day,,52,,unconfigured,info,1901.0,100.0,1901 actuations on an unconfigured channel
701,100,2026-02-26,day,,64,,unconfigured,info,625.0,100.0,625 actuations on an unconfigured channel
701,100,2026-02-27,day,,1,,unconfigured,info,5838.0,100.0,5838 actuations on an unconfigured channel
701,100,2026-02-27,day,,5,,unconfigured,info,3853.0,100.0,3853 actuations on an unconfigured channel
701,100,2026-02-27,day,,17,,unconfigured,info,2441.0,100.0,2441 actuations on an unconfigured channel
701,100,2026-02-27,day,,35,,unconfigured,info,1750.0,100.0,1750 actuations on an unconfigured channel
701,100,2026-02-27,day,,52,,unconfigured,info,1809.0,100.0,1809 actuations on an unconfigured channel
701,100,2026-02-27,day,,64,,unconfigured,info,603.0,100.0,603 actuations on an unconfigured channel
701,100,2026-02-28,day,,1,,unconfigured,info,4610.0,100.0,4610 actuations on an unconfigured channel
701,100,2026-02-28,day,,5,,unconfigured,info,2719.0,100.0,2719 actuations on an unconfigured channel
701,100,2026-02-28,day,,17,,unconfigured,info,2196.0,100.0,2196 actuations on an unconfigured channel
701,100,2026-02-28,day,,35,,unconfigured,info,1578.0,100.0,1578 actuations on an unconfigured channel
701,100,2026-02-28,day,,52,,unconfigured,info,1828.0,100.0,1828 actuations on an unconfigured channel
701,100,2026-02-28,day,,64,,unconfigured,info,457.0,100.0,457 actuations on an unconfigured channel
701,100,2026-06-13,day,,35,,unconfigured,info,988.0,100.0,988 actuations on an unconfigured channel
701,100,2026-06-13,day,,52,,unconfigured,info,6031.0,100.0,6031 actuations on an unconfigured channel
701,100,2026-06-13,day,,64,,unconfigured,info,3185.0,100.0,3185 actuations on an unconfigured channel
701,100,2026-06-14,day,,35,,unconfigured,info,983.0,100.0,983 actuations on an unconfigured channel
701,100,2026-06-14,day,,52,,unconfigured,info,5125.0,100.0,5125 actuations on an unconfigured channel
701,100,2026-06-14,day,,64,,unconfigured,info,2597.0,100.0,2597 actuations on an unconfigured channel
701,100,2026-06-15,day,,35,,unconfigured,info,1265.0,100.0,1265 actuations on an unconfigured channel
701,100,2026-06-15,day,,52,,unconfigured,info,6976.0,100.0,6976 actuations on an unconfigured channel
701,100,2026-06-15,day,,64,,unconfigured,info,3972.0,100.0,3972 actuations on an unconfigured channel
701,100,2026-06-16,day,,35,,unconfigured,info,1293.0,100.0,1293 actuations on an unconfigured channel
701,100,2026-06-16,day,,52,,unconfigured,info,7052.0,100.0,7052 actuations on an unconfigured channel
701,100,2026-06-16,day,,64,,unconfigured,info,3950.0,100.0,3950 actuations on an unconfigured channel
